path,sha256,lines,review_status,scope
.dockerignore,caf06b5c7d629a938de772dd5bf1d2e8f7a18c3e0bbe3c915fd22d2488964645,77,full_content_read,source_config_docs
.env.example,e1564dc4457333975e8a663b11e458c09ca61d8336f01027cc898ec0cd573055,185,full_content_read,source_config_docs
.github/PULL_REQUEST_TEMPLATE.md,829e38a6624f7e8c7fc5a214b94d4b3af11c047269c9517c6ae8854eacc5f93f,24,full_content_read,source_config_docs
.github/workflows/ci.yml,0db7e3f1e3f80066a71b9a1fbe19ed5d1fe8eeee6b191df3af4f744a205dab19,252,full_content_read,source_config_docs
.gitignore,7ae809e098b19bfd8675b70375efdd56307cb2e44acb3d35472482576cc651a1,102,full_content_read,source_config_docs
HOW_TO_RESTART.md,8ec1a7efca4fc72611199d1a500f5a5096ac711409eb5a41c3894e9a6f12f72f,49,full_content_read,source_config_docs
Makefile,f8f92af9ea6f24871de58fb1fad2c462951ba9b9ea9023f224295ec87f795f21,25,full_content_read,source_config_docs
README.md,e38c003ba0ed0966bca5486607ee32a787a22f4ad152422ccd164684045a76cd,650,full_content_read,source_config_docs
deploy/computers/LICENSE.openbot,6d35a6bb107ae508da34636387f6208e75a6938e797bc0d5bfa9489d2ca95bad,21,full_content_read,source_config_docs
deploy/computers/README.md,0f963a2d074ddec733228dac9d35d92b5336d60febd44cacc305461f061d8824,103,full_content_read,source_config_docs
deploy/computers/compose.yml,b7c3a928081a2bcc2f3cd02b7c2a9d4c9c91468d76dfd791c8e225882c43193a,79,full_content_read,source_config_docs
deploy/computers/computer.Dockerfile,0e02c30c56c7040aae4139eabf28db618281e7e1131b312bfd6388da6c8fff0c,3,full_content_read,source_config_docs
deploy/computers/egress.Dockerfile,742bf9920ad1ec8803f4a7fe5ab2aacdcc33706ff712ad23c49edda80de53da6,4,full_content_read,source_config_docs
deploy/computers/fixtures/index.html,42268360803b6360cc07625ea4db5f2afd3171af9ae164f14a4df41108953e46,5,full_content_read,source_config_docs
deploy/computers/fixtures/login.html,c7743cb67b90e649bba2b89066457077a0f80c56c68d231f4376f0f01a549c1b,6,full_content_read,source_config_docs
deploy/computers/harden-computer.mjs,8b2085fc79c494d5795df214cfc3b65cc8907d5559a4616dc44cd0163f302001,98,full_content_read,source_config_docs
deploy/computers/harden-supervisor.mjs,37cf72553d384072ba73c34990d3364ccf7c7510b3ad47afdcab9160ddc5517c,30,full_content_read,source_config_docs
deploy/computers/observe.py,2eaf5b62aa30409c5225b3b49ac8de79ad7441891516325cd7d86c3933c17676,34,full_content_read,source_config_docs
deploy/computers/purge-supervisor.mjs,16cceb1a5c8d06564549165313b3662a13c68b989b9701d91b52d3ab89e7c732,69,full_content_read,source_config_docs
deploy/computers/purge-supervisor.test.mjs,9fc806415e3467e7724d48b05792b4b46c857249f62c9d9130f35466a89dc081,64,full_content_read,source_config_docs
deploy/computers/relay.Dockerfile,bdcf4623ef066290919137264c3279b4d412567cbf55651bad9a75603e31797c,5,full_content_read,source_config_docs
deploy/computers/relay.py,184330502cf3f979578957132421ef99d75d741679cc947261b0cdc2f2e2f710,354,full_content_read,source_config_docs
deploy/computers/squid.conf,49c224816a7080022a4a2101c141a0ea8f6e63ebb18dd075ae342e0d4888e3c2,17,full_content_read,source_config_docs
deploy/computers/supervisor.Dockerfile,0a495a49baae6b6bac6c8866ec4ca2dd88331e7e104e93968d79c498b960f0d6,13,full_content_read,source_config_docs
deploy/computers/tunnel.Dockerfile,51c631ed1b8cb7061957ffeb324e17f94a45b6ac926851ec583aaa2aa2b227f3,4,full_content_read,source_config_docs
deploy/computers/tunnel.sh,d1d50695c71a47419ae8f5e11a1793d9bf5430c43de239c1cb89a1ef6dd6b5a6,8,full_content_read,source_config_docs
deploy/computers/verify-keyboard.py,65aa6c1013b52604d2d26844970b38e58d295674356582b598b9a0b2c76d970d,56,full_content_read,source_config_docs
deploy/computers/verify-privacy.py,1dedb3f03e6deb14fc2064843993ab67d4c842f625c3850664b1e5c57709192b,64,full_content_read,source_config_docs
deploy/computers/verify-profile.py,39090dede7a7d42dca0234b94c088aeafeedf39faf3bb556be36210750fa4a9c,81,full_content_read,source_config_docs
deploy/computers/verify-upload.py,d747fd92f019116de4d66821c5228a6ad5c8f5d9e18b4aecdecdf028f26085f6,46,full_content_read,source_config_docs
deploy/computers/verify.py,3ab59e33f161be12aa0adf7c3638b31ea91c094ea826c7a12052e7e19bd04401,259,full_content_read,source_config_docs
deploy/laya/Dockerfile,1ee679fd4fe29d3b95cc097db877aa8e4a2c24c3ba13e1ea055d77870acd05d9,9,full_content_read,source_config_docs
deploy/laya/README.md,a1d894cc11c908291bedc3c425f5473ba6ca93aadad1565311ab3192a6344e57,39,full_content_read,source_config_docs
deploy/laya/requirements.txt,b711263a158b18d4f4456be6346fb935e01f0f164d66ae55d25d590f9f07174f,3,full_content_read,source_config_docs
deploy/laya/server.py,e293ae2de0d803405d667b82bf373253ae1fa9c965c1338bdb652e49fffb52b2,102,full_content_read,source_config_docs
deploy/oracle-vm/compose.yml,5113840c192cc5b02b9a089e775cc7c243af8ed0ab78a29950ae094ea52fe01d,187,full_content_read,source_config_docs
deploy/oracle-vm/configure_runtime.py,d58fa32fa9c3af5f30dc79dbfce2daf1d2b35c32cd687f7f2e5d0da0a4164fe1,44,full_content_read,source_config_docs
deploy/oracle-vm/nango-compose.yml,c3c5f2d583fe6bc832ce92a59f14c66dcedf2daeb66ac3985422c6087fa2f454,48,full_content_read,source_config_docs
deploy/oracle-vm/nginx.conf,59e2ff638f7ab6cb182ffc1c16ce079ff1e3a45d7c7446f56096d9d7cf5f2f32,39,full_content_read,source_config_docs
deploy/oracle-vm/ollama-compose.yml,68a92fbfc6032c6548552e4ebec2004cbdc4173a9db6bdfca3d90ff38794b81a,47,full_content_read,source_config_docs
deploy/oracle-vm/postgres-bootstrap.sql,612a9cae784aac2e402d1dcd78c4e2559656bdccc0fda87a894795e5b536d4bd,59,full_content_read,source_config_docs
deploy/oracle-vm/temporal-compose.yml,4d6caa30223323597476eb923c07941da5d3e14a092c260c55fd88e18ee41eb8,80,full_content_read,source_config_docs
deploy/oracle-vm/temporal-ui-config.yaml,3fe3fccffd479e31837b3b2279e3dd28c1aeaed0b80857e454d39ae66e48bcab,89,full_content_read,source_config_docs
docker-compose.dev.yml,69552663d41c887f904d7526d6eb9ef6fe353fe89fe71e1c72c90536bd37ad56,86,full_content_read,source_config_docs
docker-compose.test.yml,e880203a3f98b04192facc0a6df76d8f1a1132792f5782401797d52eb95c70d9,19,full_content_read,source_config_docs
docs/agent-a/live_browser.py,414f26353f5aa1ca1a6bf1ddcc6071642233a8ac62064618785a0754a70b4e21,143,full_content_read,inactive_manual_validation_snapshot
docs/agent-a/live_model.py,c1524cd26d1f19ac1be2cea0a3e2745c72361cd98f67a619f2064bdd0c78c47f,130,full_content_read,inactive_manual_validation_snapshot
docs/agent-a/live_review.py,7c3ffa3feeea914fb83e9fa6d6c5b53f043167080755db127e20a865cd51099d,297,full_content_read,inactive_manual_validation_snapshot
docs/agent-a/local.override.yml,464fd381ff83e44a3bd44ebea1d573d67772ef21cf1d70fdd0e8d826aefb42fa,17,full_content_read,inactive_manual_validation_snapshot
docs/agent-a/render_review.py,f508c5515c0cc5fda0171835e7968ee24a1d888607253a71481892e6acf86c6b,90,full_content_read,inactive_manual_validation_snapshot
docs/agent-b/check-github.py,23b94c8fcdfad5fe96016ee39af5055c33fa6cff8b507c2adb89108c547fb37b,111,full_content_read,inactive_manual_validation_snapshot
docs/agent-b/check-jobs.ps1,ccb7665d4b19d8f6bb510495539f69b16c04e32fdc74e0bab5f9e7b640d489fc,19,full_content_read,inactive_manual_validation_snapshot
docs/agent-b/check-retirement.ps1,55646a187a7499d24d58295499a22d8ce9644d561dc5f406c9c3fd992d46b53b,46,full_content_read,inactive_manual_validation_snapshot
docs/agent-b/check-search-load.py,9337e42791a92a1b78077ea516e6ff05296e5162f423e7bde20d63a5deee3ae7,195,full_content_read,inactive_manual_validation_snapshot
docs/agent-b/check-temporal.py,dc87caf25bab39fad5e847716088e727b4c352b0f396f775db7a956445ae74e7,28,full_content_read,inactive_manual_validation_snapshot
docs/agent-b/probe-sources.py,797a49d1364e9c1e78d299a95a0340067c38beb758bc6936a365a2b885f74863,60,full_content_read,inactive_manual_validation_snapshot
docs/agent-b/rollback/b_extension_submit_approval.sql,01db22d5fa658d882ff87a9dab1b5f19e3e05d15c8fb38320e537809ff8b2f2b,10,full_content_read,inactive_manual_validation_snapshot
docs/agent-b/rollback/b_extension_task_statuses.sql,b08cbfdd36309f5ecea8c7b92c72c1e5e6b3a52a2e2dfafe96e5cf10604c4076,16,full_content_read,inactive_manual_validation_snapshot
docs/agent-b/rollback/b_github_profiles.sql,b3818264e0dfa1ca4f3f228242e1d6923737b0b27fef2249aceff0cbf8200cfd,1,full_content_read,inactive_manual_validation_snapshot
docs/agent-b/rollback/b_job_catalog.sql,47a7a87a56107047505e74f03c7a65eedd5669b8f56fb92e0475363eed28f7ef,2,full_content_read,inactive_manual_validation_snapshot
docs/agent-b/rollback/b_job_search_defaults.sql,fcaee7afb5e5aee6a75ea040c1810170411b2fc1b4f07385aa0f0a332ea6cbe4,1,full_content_read,inactive_manual_validation_snapshot
docs/agent-b/rollback/b_retire_browser_execution.sql,21118e7b05f43634739677d38b7b380f6a9bd98ec7bce7c213d6f45a632a6c12,7,full_content_read,inactive_manual_validation_snapshot
docs/agent-b/search-locust.py,63296a6c8a388864d5a6f60a9d39bd53b47b3aad48740db59a7061599bd57be6,27,full_content_read,inactive_manual_validation_snapshot
extension/README.md,11ea73db42780ada4c5ca69cf5b7c33d5503268947039f60af024bbe9114268f,112,full_content_read,source_config_docs
extension/manifest.json,4026e1e1a6dd0e41bc2c070894481b5632b560f495691006a2412878ae7db1b1,74,full_content_read,source_config_docs
extension/popup.html,9f1a447f8c98fac6a66ad1e596c9cc5edd03f4b77008d2dd315c31f41a285f55,50,full_content_read,source_config_docs
extension/src/background.js,437794fe73ba46c364f3694fa2fd848f1cfdf128ea5329d0ea638735108eade7,606,full_content_read,source_config_docs
extension/src/common.js,0e57cbb8c1cd1f26e0310c2f40bc982865ceb73c4cf3659566405660ac4917a8,136,full_content_read,source_config_docs
extension/src/content/bridge.js,b380b1b5c457e5133fef70096c073a6c07e21949b6de386ce98e84c5f74210ff,69,full_content_read,source_config_docs
extension/src/content/dom.js,cbd6d4cd9cc9f055abff02428ad59799ef09a1896445bbf1f651fad74d8f782c,352,full_content_read,source_config_docs
extension/src/content/drivers.js,60ace4e0eaffb149061b2b3dc6adb9637c051a2278188a98c7e8068b5d4431d2,971,full_content_read,source_config_docs
extension/src/content/panel.js,c64a56f0f8eefce31c433a0e0e4038eabb4a1d2968a68c3f4589c4d5ceda68fe,350,full_content_read,source_config_docs
extension/src/content/runner.js,653c4a05d93f5501851c26efa8524a59f2f2a2190aa3d0999267d441fde37512,186,full_content_read,source_config_docs
extension/src/popup.css,9e2d73acd4408d2efa47c09f6e5d3b9223c4dce5e25efb8aac7672384892900a,79,full_content_read,source_config_docs
extension/src/popup.js,99522845477e2a60325d627b5e99862a95f1f89f683b90eb539179f8219e02bc,118,full_content_read,source_config_docs
extension/test/e2e_apply.mjs,5b5b3a388a67e7c40daee9f3ec11b880d1bbf00bb12dde0cc8b72a83f044c746,519,full_content_read,source_config_docs
extension/test/e2e_live.py,5fcc4294d3ce58bbffac84052c06bea0ac1a2bb7b5a84a08b96b571cb131bbab,335,full_content_read,source_config_docs
extension/test/fixtures/company/careers.html,97c799c5a99b1be78071884c6f6b67ad56742d0fe1b741c98aa977fce7f77f54,9,full_content_read,source_config_docs
extension/test/fixtures/greenhouse.html,c225995651c95e0a0de72c4e0698cb3a6a39114e7ad913cdb5ca05fe366b0974,43,full_content_read,source_config_docs
extension/test/fixtures/lever/apply.html,936220e2e135507ef93cb75bc9c3c1380ed8406f70a00eb2d897873ef4c907b8,14,full_content_read,source_config_docs
extension/test/fixtures/lever/posting.html,859eef840dc16e2e239b1be3bdff35cd64fa4878fc892ed73fd6d4b67735ade5,13,full_content_read,source_config_docs
extension/test/fixtures/linkedin.com/jobs/view.html,49de23fdf4503917d92559cf1357b905d2348eb63358d41bab39e7090471d153,38,full_content_read,source_config_docs
extension/test/fixtures/naukri.com/job.html,64c9f391455229c68c267f236fde8396f967acf2f45ce7fb776005ea1a68947c,25,full_content_read,source_config_docs
extension/test/fixtures/smartrecruiters/index.html,9619d81b92ec5e7fee02f67ec2c5a969eab2c657052d19596421af843b70ae4e,39,full_content_read,source_config_docs
extension/test/fixtures/workable/index.html,c5f54e297a42ff92c3462bcd7d0272eaf909f9f121ba84067abdfe265dab34dd,29,full_content_read,source_config_docs
extension/test/fixtures/workday/index.html,9b14d1cb0eca129214160960136d5844ea5a40484c6404b433bac259d6eccbb9,83,full_content_read,source_config_docs
extension/test/mv3_gate.py,38bbc14a99e59fb325e95c02fb00c4085e7d70185ae47cbd93ba5fbfb49064d1,226,full_content_read,source_config_docs
extension/test/submit_sender.test.mjs,5643e1ddcd0fb375ff50f0c25897dab64bef2e0738bd5193acbbbd2065285d83,17,full_content_read,source_config_docs
locustfile.py,7bc55687af74230d5b12a69527c9aec0877512ad561ffb84da1ae212c13c39ea,32,full_content_read,source_config_docs
scripts/check_changed_python_format.py,e5f5b6d5a89e1e56f09ba85bca8ebbaca07bbc7a411375017ad107b1d9ed6470,85,full_content_read,source_config_docs
scripts/check_changed_python_lint.py,5042a6423bbbf757075ed9762a7287168a8d3483b5afb939eaa7a66ca579a345,164,full_content_read,source_config_docs
scripts/check_staged_secrets.py,472fc911b799c7bb5983e75bf42bf3fc4e95e6a971ae66870eacd8a96cedd53b,22,full_content_read,source_config_docs
scripts/e2e_browser_login.py,e095b9190e7b0205096ea8c97032a302eeb3986f73da0f798901c6dd1bfcd01e,103,full_content_read,source_config_docs
scripts/e2e_browser_onboarding.py,86f0a24680b615fed64826f7b51db6ecac9a6d7db07603f8d75abb0c7a5308fa,155,full_content_read,source_config_docs
scripts/github_access.py,05ab25a4a25367faf277f7c310c262c95ad1902192c0b6870001ea93249ec0ed,24,full_content_read,source_config_docs
scripts/migrate.py,ac16f85f327b1c98356ffc00e62680c780b97956f9000440d49e9ac852ac1929,183,full_content_read,source_config_docs
scripts/run_e2e_tests.sh,c53bd8db15d3cb66df8f2620d456882867af880f5b2a58b2c77e1b6ccc846149,234,full_content_read,source_config_docs
scripts/test_agents_smoke.sh,4bc5830808c5867d78b5676c830202926892cd7cfae218379b105fefcdd28411,89,full_content_read,source_config_docs
scripts/validate_production.sh,ea06bd28f58091eb7b8ef499f0d417d95f06c5bba74e8e32b07b9af4c5283db6,150,full_content_read,source_config_docs
supabase/migrations/0001_create_users.sql,1615faa615c197f340dfca19d3ad408197333c4f1f35b9a7e1d5cc302ade7b00,11,full_content_read,source_config_docs
supabase/migrations/0002_create_model_settings.sql,419dfea400edd9b411aedc13704145ed8c5efceea8b8daae7bad73834097f572,11,full_content_read,source_config_docs
supabase/migrations/0003_create_documents.sql,8ecbac26f8462a25350482916a60248c550ee8747505dec34802453485bef204,13,full_content_read,source_config_docs
supabase/migrations/0004_create_applications.sql,b465d2f7ccfff688f57ed36fe01e93ef50c19d8211b6b099ac41d4d34adcf42a,20,full_content_read,source_config_docs
supabase/migrations/0005_create_leads.sql,7cd189286f9868c4e41990366888a4853303c741643d67d4c6982b338840f620,12,full_content_read,source_config_docs
supabase/migrations/0006_create_agent_runs.sql,a9c34b2eeac63e3d60fb78c866e0590628d0715bcfccd3a02c4eeeb6a6ffc2d4,15,full_content_read,source_config_docs
supabase/migrations/0007_create_pgvector_indexes.sql,b17c95d265c7aab9bb79e7ce9cef9ba59e20976d78ee74c88fc181b3f610701a,9,full_content_read,source_config_docs
supabase/migrations/0008_enable_rls.sql,84ff0ab6296a73c31e240934e4a623cc4638a19a2d6980a5c3ac16ccc4573a40,43,full_content_read,source_config_docs
supabase/migrations/0009_clerk_to_supabase.sql,1d55fa6db3f8c7a81562047313e52f6a0e7438f249043299ab04fd345619292c,76,full_content_read,source_config_docs
supabase/migrations/0010_user_preferences.sql,286d4f3bd2db09abdb02d3a91ad02e1d714a9ca62ed2c1f959fe5d18c7535bb0,54,full_content_read,source_config_docs
supabase/migrations/0011_cover_letter_versions.sql,0c31afa3fcbb4d86ba1c1ab350a43129095613460b5c7c42002c715c78c4c33d,16,full_content_read,source_config_docs
supabase/migrations/0012_interview_sessions.sql,1bfc632b2deacbaaa00937bd7b6d1787468958dd8f300f3493213455c5f3c2f6,21,full_content_read,source_config_docs
supabase/migrations/0013_salary_reports.sql,c6810772f08d3e85745ef5e4f75bbc53f8c6a9effca39f262fb680f40caa7cc1,19,full_content_read,source_config_docs
supabase/migrations/0014_company_intel.sql,b1adf6e79999547ee62ab771794bd99d37da1c3810f51cbf05971f7fa41ad26d,18,full_content_read,source_config_docs
supabase/migrations/0015_resume_personas.sql,49179551f566e1781dfe3361dc74721822ad5e241ffcedb23670b07edf82d3c8,28,full_content_read,source_config_docs
supabase/migrations/0016_linkedin_outreach_queue.sql,78bfa29c6844e55f0558cc5d6dc16bbb1c7cae53be18fd60e3e198c352a7e4d5,20,full_content_read,source_config_docs
supabase/migrations/0017_ats_scores.sql,f11b7a66e5e688271a5b3b1722df39a0ed9b839d11e5a023968065ab2d6470cb,22,full_content_read,source_config_docs
supabase/migrations/0018_fix_rls_supabase_uid.sql,6131091194187b55ad3dea861cb081a49ec5534788c51c9c446c79e3603ddb32,39,full_content_read,source_config_docs
supabase/migrations/0019_linkedin_credentials_auto_mode.sql,293c3d35102b844b635eaedd74314586d92929d3469201ac8428907903aa1208,4,full_content_read,source_config_docs
supabase/migrations/0020_fix_frontend_dashboard_schema_drift.sql,5810914567183eb06ce8df9a7984cc4ead4c94d45a66b704bfa3bb1cf06231a3,9,full_content_read,source_config_docs
supabase/migrations/0021_google_oauth_tokens.sql,8e1a0cd9df4a67d85654cd038133d7e95f046dce1fb7cec2bc0549300b532595,5,full_content_read,source_config_docs
supabase/migrations/0022_job_application_location.sql,f081885834274ce724ac2524d596005ce5e50010cd931745cb5d7e7455148add,3,full_content_read,source_config_docs
supabase/migrations/0023_secure_post_rls_tables.sql,861f196d0035b9ec402d5febf626d8d9d9788098750a3bc66518f30e45385c1e,229,full_content_read,source_config_docs
supabase/migrations/0024_rls_with_check_core_tables.sql,8a52eb7cd1c429c1c23b47461025b92fb38aa98b921448991a2bc9c4467b9b03,48,full_content_read,source_config_docs
supabase/migrations/0025_hnsw_index_embeddings.sql,64f965cec47e3207b7bcc3b6080d854ee1762b4e7021f222b0a6e91e164ba08a,33,full_content_read,source_config_docs
supabase/migrations/0026_ensure_feature_and_memory_tables.sql,771e00f637adf0243d8f361fd70cfac39df466ee40f8f51419e5dcc7f80d121e,318,full_content_read,source_config_docs
supabase/migrations/0027_signup_profile_metadata.sql,653bca83c63d9918f0e204a0f638e4873f2381d766db34d599c180381e490abf,41,full_content_read,source_config_docs
supabase/migrations/0028_clerk_third_party_auth_rls.sql,94b84010ac90d1d9c611f1bb90b13af5f32b00a127a1f7d20563d5d309a9486c,136,full_content_read,source_config_docs
supabase/migrations/0029_user_preferences_years_experience_check.sql,109f5750793bc91eeb47888b76e396ea8b0c7309f9ecbc2148794c97868dac72,12,full_content_read,source_config_docs
supabase/migrations/0030_enable_rls_public_tables.sql,3c0bd89a9fc4d89ab77535a63207fcbf6890f0725c9bb0fac7f10b421503c001,56,full_content_read,source_config_docs
supabase/migrations/0031_user_preferences_prefer_live_browser.sql,19f3b5a816d94e72dedaf85b1bfb3dd8336c292ec33faf60c4e25ea2a5291f26,13,full_content_read,source_config_docs
supabase/migrations/0032_rls_and_hnsw_fixes.sql,6ff901bfc3c67210db3f37d799f33fa7133650d103016f587972beb9aa3921a0,203,full_content_read,source_config_docs
supabase/migrations/0034_application_attempts_and_outbound_messages.sql,19259db2b05289ed4139a710b86d6fa10f2b0f61e1460e734d110fe3de62dfce,56,full_content_read,source_config_docs
supabase/migrations/0035_candidate_profiles_and_answers.sql,160d28f5ee2ee4119ceba20f0eae45f5572228c8a478bdfb9423231c328430fa,65,full_content_read,source_config_docs
supabase/migrations/0036_application_attempts_temporal_columns.sql,f766f53e17e4984ce6a7a89cef2f2e25d1f3df83669f713a8a07d18ba9f68032,8,full_content_read,source_config_docs
supabase/migrations/0037_integration_connections.sql,db6c1c61f5e4b5f006b0c6be234fde00a912ae6a8bef2ed79a860346beec70cf,45,full_content_read,source_config_docs
supabase/migrations/0038_temporal_runs_and_browser_extension.sql,c1483c631596c2508f745e25751686c6d5399928677687b7e7f825c8d45613c4,64,full_content_read,source_config_docs
supabase/migrations/0039_policy_consent.sql,71837d33861e6c542a54c426d4897579f92af6376ffa943d6157c04dff0b8c51,8,full_content_read,source_config_docs
supabase/migrations/0040_account_deletion_cooldown.sql,1500f87ba1d4770422c5fb263355944e17d671eed8f02e91a3b227c1cc64852b,10,full_content_read,source_config_docs
supabase/migrations/0041_rename_supabase_uid_to_clerk_user_id.sql,106deb7585857a9d737c20efe298ad85880722b5fa464eca7623d450301b4b0a,6,full_content_read,source_config_docs
supabase/migrations/0042_notifications.sql,69b31a6bc5d1318c9bcc48aaa2471b913dbaab319be744a209d378d512825091,38,full_content_read,source_config_docs
supabase/migrations/0043_notification_deliveries.sql,ead13c8714a2bf848b02f957b538630bde5414fad05cdc843cf74c3376ca3123,32,full_content_read,source_config_docs
supabase/migrations/20260909180254_durable_agent_workflows.sql,e3a80401c0039c5703af4451a19c2da1a8e4bbea288704705161a7ca0fa8838d,55,full_content_read,source_config_docs
supabase/migrations/20260930090000_b_retire_browser_execution.sql,4df01da1d1fddfca7c43057f84fcd0954682cfe48702e25f658f7f7404e7042a,15,full_content_read,source_config_docs
supabase/migrations/20260930091000_b_extension_submit_approval.sql,3d6911422476897c9b3357894b8edda8ff05a3c31135cbc9cc723c99f995accf,10,full_content_read,source_config_docs
supabase/migrations/20261001090000_b_job_search_defaults.sql,5a6280b82ae3d5b577b48fac84c221ca1a6a172bd91d68cca38da1215b9a73a3,9,full_content_read,source_config_docs
supabase/migrations/20261001091000_b_job_catalog.sql,c8e111e3534a19db3a57f12af359307aeedae9f5d62021b071c852a1044372f6,42,full_content_read,source_config_docs
supabase/migrations/20261001092000_b_github_profiles.sql,75486f1a90a7ad607849299087ee3500e7acae7636ce55ab70c07ca6c569af40,10,full_content_read,source_config_docs
supabase/migrations/20261001093000_b_extension_task_statuses.sql,f3c53adbd0f5b77523838bd59c989d98b449fa0fcf4eac9967a2b14504be836a,17,full_content_read,source_config_docs
supabase/migrations/20261001100000_daily_search_opt_in.sql,65a35300e13c8fb8362ece00358f025b58e833eee985391710dd44a7657483a5,4,full_content_read,source_config_docs
supabase/migrations/20261001101000_langchain_collection_index.sql,6115455069f1d2a05a9e42e0484377b813c99d2d1e308443b93df71bfe2b7dad,12,full_content_read,source_config_docs
supabase/migrations/20261001102000_one_active_model.sql,3dfb0af55a5444733844d4ada946c2b1950fe1ada1632635c3493396666c6c4a,17,full_content_read,source_config_docs
supabase/migrations/20261001103000_inbox_status_tracking.sql,eb1d156762fb7cbf3b45774294cb05c31c747a16889a02018db4179bcd08e1d7,28,full_content_read,source_config_docs
supabase/migrations/20261001104000_recruiter_outreach.sql,0866a98be8b4eb8cad245648c0452578cde79ca5db7c33056222ad77eccfcc53,42,full_content_read,source_config_docs
supabase/migrations/20261001105000_daily_summary_opt_in.sql,e60ff1b791b09d3c86f6b1b09f6f8d9bc5fba9b1dd460e29ca492e23fd48ebab,3,full_content_read,source_config_docs
supabase/migrations/20261001106000_auto_apply_opt_in.sql,b5df507cb833beaf1b739ccf982e5028f6642f3140df07eb39a0a0c9fb49239e,5,full_content_read,source_config_docs
supabase/migrations/20261001107000_outreach_open_tracking.sql,4f44981856ac43fd7b2f5c052ed9496031c3a1ec6123fd18dcd4a8b3dea6fd46,8,full_content_read,source_config_docs
supabase/migrations/20261001108000_outreach_resume_attachment.sql,fa08f5f90985265e0ccc849ab816e11b3d498374af762d76454a34a28852f3a4,5,full_content_read,source_config_docs
supabase/migrations/20261001109000_attempt_scheduled_start.sql,31e6507e81e431808cc734831c0ae2c5f0cad06db295a3b1da9ac31c9335b69d,3,full_content_read,source_config_docs
supabase/migrations/20261002090000_applications_sprint.sql,5371907a7c35213491b2af2456de85be87e07e190e427f2f45036c63034d351c,88,full_content_read,source_config_docs
supabase/migrations/20261003090000_auto_rule_enabled_at.sql,363749ac9947d5d73a91861de56ceb7d84b6e21e96c7ce8da03e92187bdd7bb8,9,full_content_read,source_config_docs
supabase/migrations/20261005120000_portal_credentials.sql,9ecfd5df4a90b0b41cd682dd767416ee3f5c041fe169a0abab38f5d33413a462,15,full_content_read,source_config_docs
supabase/migrations/20261005180000_copilot_conversations.sql,cbfe44f775226bbe51baccf288357de2a376571f3bb5208bbedc417d1c4721eb,14,full_content_read,source_config_docs
supabase/migrations/20261006100000_outreach_approval.sql,c98761b1f72cfb7f50f4bccd62d0b05cb71295de06bb843ca76d34a94f14fe1d,7,full_content_read,source_config_docs
supabase/migrations/20261006101000_document_lifecycle.sql,549628790b553fdf4e3d1ddf2fe99550bfc6da78d20800f69012ad720c4bd2fe,56,full_content_read,source_config_docs
supabase/rollbacks/20261005120000_portal_credentials.sql,fefc73629237d47ab9ff8b80d485398a228538bad5efdcf2436262f7f65d65e7,4,full_content_read,source_config_docs
extension/icons/icon128.png,6692a8adb07206b2f1799aeda8d00fa75ff54e5e0d421e30c710db252fe91365,,binary_inventoried,source_config_docs
extension/icons/icon16.png,c54bfb611cc6fedca74ccdf1d2a324c31eddb3a2e457b44f05ec3af4c304e518,,binary_inventoried,source_config_docs
extension/icons/icon32.png,b4a7f393595525be32e3c3e34f7c3939470326a63830b3db189ea3e4bb65444b,,binary_inventoried,source_config_docs
extension/icons/icon48.png,83d948f4286fdfdb8d1868375304a0f07b0a89b2b73aaf765b76bc98effc6a61,,binary_inventoried,source_config_docs
backend/.dockerignore,910cda108c6fd7760de680f55e0ae9b855b7490656f72c65453a64152c58e8c7,16,full_content_read,backend-config
backend/Dockerfile,6917b523da65e6c494ac614e3d4c4488bab7292090daa6ca1c046a065dce1a9e,44,full_content_read,backend-config
backend/constraints.txt,61a50f50bc61e4e356af95a6bc31856006758e105ea1d27cea8c0a40df49bbdb,21,full_content_read,backend-config
backend/provider-tools.txt,7e7797e96c158e7ca415edc1cfd6c0baf99f433e83be408cf6eada49e0c0dcf5,5,full_content_read,backend-config
backend/pyproject.toml,84b634cbe7e4bee190e5ede8145a2b44cfb70c4557142a7cf79ce1f6958fef91,36,full_content_read,backend-config
backend/requirements.txt,41b9d7ec6cdb99efbbcbd48ffb067e4562973c64c1e42d4b872bba46090cee59,124,full_content_read,backend-config
backend/requirements.lock,1d5470ed187029a34d0130b4b7a379d5ba6eee400caf46a1cc232f53c3d4a206,771,generated_dependency_resolution,backend-config
