path,sha256,lines,status,reason
frontend/.dockerignore,387120e7c1f8d6e0f230d6687776694eeb0b3a7975f4eba7905e9d38394c205a,12,complete_read,
frontend/.gitignore,4d936b93f6ee8c45493f10d6086e8117afc08ee389565f86ebb4f7375dcdc66d,3,complete_read,
frontend/Dockerfile,9059340bcabb7ad35140c119be481ed35850b41235ffc0951da40699f4b8e10c,22,complete_read,
frontend/eslint.config.mjs,bf881b1e8ee11a145fb5524e1bf8ad26f8980c5716b88ff6eceddc27a360b6b9,48,complete_read,
frontend/next-env.d.ts,1b59d4c6b83807db275d43f3cf2cc8e9323f465fab764eea091cc5becd5bad37,7,complete_read,
frontend/next.config.js,0d57da7a59ccce6fac2e1ccbfe53f6c1fd5be8419659bf3d8b4dc8eb6a13bf5a,81,complete_read,
frontend/package-lock.json,8d3db6878ded6ef5f77ff7111c657c703cdae8d5da6ce88f62436e5ebb8e27a3,23275,excluded,generated dependency lockfile
frontend/package.json,6e503f2a25b718885656368870d612c9ff17b0b242c0cbcafda98805116d6b15,64,complete_read,
frontend/postcss.config.mjs,30a6725c5ab3e29872bca78836e8cf8e2e61bef370d2c2a7a3768dabec40054a,16,complete_read,
frontend/public/companions/opendots/LICENSE.txt,15a0e5343aea872c0573ad72feb6044b336f162d724cc1673c608e6b37ea071b,21,complete_read,
frontend/public/companions/opendots/README.md,872cf9939dd77fe159db2ce70fe745ff85a11d6eadea33bb60a6cab14075dece,9,complete_read,
frontend/public/companions/opendots/blue.png,bf8ef19c7b7d753c11ba05e411f15a0733bcb810541bc88fb34c38427c6a6040,,excluded,binary asset
frontend/public/companions/opendots/mint.png,aebbd4a27e346b7a2f41976bcdae4b144e42219cce77182053cfe4140bb6486f,,excluded,binary asset
frontend/public/companions/opendots/orange.png,bf9a2f9f6859c2931b9a4062117deb7d06fba77b190b5ad52a90587f368b34a7,,excluded,binary asset
frontend/public/companions/opendots/purple.png,9fb3e53fc90b4fe881e1c1f8121dd32fbe9882dbc989156c40b0a8fadc348441,,excluded,binary asset
frontend/public/llms.txt,538344cd6302a95f0d78dc250272c5e398a64cf310fa5927f6c4f7035d22991f,29,complete_read,
frontend/public/media/hero/dark-bg.mp4,92a6f9ce29200467269e86c5f30241b3a3b3dea4b099dec2e570fa111b8f5f62,,excluded,binary asset
frontend/public/media/hero/light-bg.mp4,ec16a90a9dd0eea3e55f171540c35864839f557d7f664894cb491f5d50d2540a,,excluded,binary asset
frontend/public/videos/ai-agent.mp4,457c74326bab59b646fc304c3038ea9b5a612aca93df0e1b9970a05c9971f265,,excluded,binary asset
frontend/public/videos/hero.mp4,dad8c18bb1dc202458a47d119e3a97bbe4b1bcf686f706267fcbb068d81ad04c,,excluded,binary asset
frontend/scripts/vendor-copilot-css.mjs,46c6c54776c502bcdcbf1ad7583b444ab44e74f6d926eb2c40ab63f10b6bbdd0,39,complete_read,
frontend/src/app/(app)/agents/loading.tsx,5d52d244be7e698794305ab132ab366cd337e4ba2929e5f87b400a53c9ff9c6e,92,complete_read,
frontend/src/app/(app)/agents/page.tsx,1caa71adc24bd4a5d3bc2c8a4b04ad8a26ae005bc2b9514df33dda4690541cea,668,complete_read,
frontend/src/app/(app)/applications/loading.tsx,eefc536c4e5413618c0a7bde6b3b80c3296bc33664138432d5f1994e8f1b508b,44,complete_read,
frontend/src/app/(app)/applications/page.tsx,b79938fc880bbb1566f9896ec312caf4bed66d3cd4d87640bb230042037c83da,641,complete_read,
frontend/src/app/(app)/company/loading.tsx,b92a7a1810f5384059caab328ff4178a7147e0d91bcbe22c7b207376ec3466fc,91,complete_read,
frontend/src/app/(app)/company/page.tsx,043330e49d16cc9eebe0e7269e05d29764de154aba7319458b4eb1799f184081,590,complete_read,
frontend/src/app/(app)/copilot/copilot-v2.css,f339aae4dfa37747db17272bbb0c6fe9881903609d6dd321b3b69afec260996a,5,excluded,generated vendored dependency stylesheet; full generator read; stylesheet not manually read
frontend/src/app/(app)/copilot/page.tsx,8833006a75973a83a199742f626ed04c53de23183ba6fb1364815fe14510ec45,146,complete_read,
frontend/src/app/(app)/copilot/workspace.css,fcccef7baac9e57152fd6e32536e1cd51728a975ff2cfb72d84ddddda319e616,118,complete_read,
frontend/src/app/(app)/cover-letter/loading.tsx,144283ddecb8b34339057aac838464f644d7fc02c53058142561c890d983c091,74,complete_read,
frontend/src/app/(app)/cover-letter/page.tsx,6aecfb2375377d84d8f6b3cd0fad85db6636155aebedcbfa5e9e44ee80deaae9,429,complete_read,
frontend/src/app/(app)/dashboard/loading.tsx,2a775c519d7a2e0736e0cd3520caf5d6e3692f2e482acf9c1de17c4409e31c4d,111,complete_read,
frontend/src/app/(app)/dashboard/page.tsx,bbb5b9c37d19fae145ee99bdb8ee33050add92e4986ab3cd338b27582b456bc5,779,complete_read,
frontend/src/app/(app)/email/loading.tsx,05696f33677f4dfd47ba73a8fa14616badf06b28ffa9330b957dfcc782470f94,118,complete_read,
frontend/src/app/(app)/email/page.tsx,eaf04d25d3db678e1795ce32905aaf26b8e0454f55c3a8b6e7138dad476e066b,1017,complete_read,
frontend/src/app/(app)/interview-prep/loading.tsx,cdf77c4e25f93d09fdb17affb984f217b6d0b25c23b5f58da339a8825ed96ecf,6,complete_read,
frontend/src/app/(app)/interview-prep/page.tsx,4b99c584272d6192c0b06cf8a8e692af48efeaf44460662b5680c60080126993,8,complete_read,
frontend/src/app/(app)/interview/loading.tsx,f9cbedb1b6140164b6fa150ece4701232f102b17ad30ed2fb1ffc6c75679280d,5,complete_read,
frontend/src/app/(app)/interview/page.tsx,f7a88aa7d06afe4791585b7e3236b2c0fa768796cb495e8d37153e2dad90dc06,145,complete_read,
frontend/src/app/(app)/jobs/loading.tsx,8ecf288a8ec357779a735a36c911c207d80c852936fdbd0d0ec1811a027c5940,87,complete_read,
frontend/src/app/(app)/jobs/page.tsx,87a996b74b2b712e7ba0b1c747c687ac5feea1f56dc6a11c81ef311a23f8b199,1915,complete_read,
frontend/src/app/(app)/layout.tsx,badacae014aee48efce6c1f056764d66d19907af55a717d9eb8e46d8fbf27083,23,complete_read,
frontend/src/app/(app)/leads/loading.tsx,22370470edaf29825833f2889195674c3bbd8f04af39d4fb64a8a5913ae221cb,68,complete_read,
frontend/src/app/(app)/leads/page.tsx,d8fe9c152852e6c3eb203c1e16947dc8e073c58e79b22209df89ea1bb32c31e0,916,complete_read,
frontend/src/app/(app)/linkedin/loading.tsx,f1527842dc8abafa9b200df566517ce6335fe39367e3d3cce9e884dc20a1f021,59,complete_read,
frontend/src/app/(app)/linkedin/outreach/page.tsx,9865cf0a90e55e110c20b3ad00c7734dc7f44ca4c2cdfd47f4d0f09b22cb9cd4,431,complete_read,
frontend/src/app/(app)/linkedin/page.tsx,0e7b71954c0495e84cd61acd6eea59705ec627c11a96ff60f6da83ace2bd0048,19,complete_read,
frontend/src/app/(app)/loading.tsx,2c43bf8084ed5a39238a2a666bfd5b1d2cbea3c289044f2f3308501f9076826b,16,complete_read,
frontend/src/app/(app)/onboarding/page.tsx,e5c770529dc0efa1b0f5eb0fbd7c7b3d670a11773d469cdcb1dce2e2254e2cd1,604,complete_read,
frontend/src/app/(app)/outreach/page.tsx,bc8bbbeadf74756ecdf9eb02c5bb6d9bfb3113755ebbe79642035dbffb067434,249,complete_read,
frontend/src/app/(app)/resume/loading.tsx,c8f3359762a9aa9e7c83d5b10efc635b0f1dd87ddc37f712d21fd991f8b925ad,56,complete_read,
frontend/src/app/(app)/resume/page.tsx,96a09ff5d40dd6a629636470098b4d7ab877809a75e36d1beb8b48a3438d8bc2,1898,complete_read,
frontend/src/app/(app)/salary/loading.tsx,55246cabd9904d6a3a3c70cf6a561d266f3369aa0fd0c621f95e2ba8e3073fa9,82,complete_read,
frontend/src/app/(app)/salary/page.tsx,741cfb29672daab22bcdb4341dd99169c8c044c755a483ff0e54a4d1ec727458,802,complete_read,
frontend/src/app/(app)/settings/account/page.tsx,14cecee7bf94887228c86e0ef7f0d0a6a8c218d14bf536891304988723155e5d,1055,complete_read,
frontend/src/app/(app)/settings/companion/page.tsx,9218c7e5e7793a4f85bbe045efb41430da57479e69b7c704ef578ef8544c8abf,27,complete_read,
frontend/src/app/(app)/settings/integrations/page.tsx,1a476fce5e906af7627e506a613a04bf90eef8ecc9ba345a78824d7fd15ec20f,604,complete_read,
frontend/src/app/(app)/settings/memory/page.tsx,0b3dd2c416170727fa8e6abdd3bc000cd082bc46c12ababacaef027763df9a73,136,complete_read,
frontend/src/app/(app)/settings/models/page.tsx,922ee52c51e56ce56fbaeae7cb4c7815cf43aa4909a3d65f435a110d5c01d630,562,complete_read,
frontend/src/app/(app)/settings/page.tsx,d4ce0d3dd2f2a7c238840ad0840f712620c1bcb06d4f7fc8d93bf72347445f99,5,complete_read,
frontend/src/app/(app)/settings/profile/page.tsx,8ee8e7f5586e677bcc889eca76ae2c936834e30642bda2440077dedc11c075d6,320,complete_read,
frontend/src/app/(auth)/login/page.tsx,bcc733622427568fea93caed7c5fc6ffd96254a313cdcbb2f5476f78da58c280,492,complete_read,
frontend/src/app/(auth)/register/page.tsx,a34a718ed2e25697e2106d96675b130f5b6459be0e59a350158e31e02c432ffc,7,complete_read,
frontend/src/app/(marketing)/about/page.tsx,5204c3c10944fdb57d67964ec1ef85e9a7a5b1bddc51ca0c17eb4427813f32ea,64,complete_read,
frontend/src/app/(marketing)/contact/page.tsx,f2cb501ae2a68286cd2ca91fe9372c6a6028cfe10f559906a893a3712a44a839,31,complete_read,
frontend/src/app/(marketing)/cookies/page.tsx,5600a404f47878290437266ef94d6aa8efd4f2e747ba7e19dcce31adef145c9f,97,complete_read,
frontend/src/app/(marketing)/docs/page.tsx,dde07674f3c529c427c1ebfc050f8b0782b48490dc7ec0f740ff2427004ec195,77,complete_read,
frontend/src/app/(marketing)/layout.tsx,75f8b167b6e9e433693f2a5684f6e9491ebd3ca008a33fb5aeb79c0441e8a8ee,17,complete_read,
frontend/src/app/(marketing)/page.tsx,f1d7ba68004c8d2b245c99cf54a3ae08ff3f52ffcb21ab67c9a51445285ae9ec,41,complete_read,
frontend/src/app/(marketing)/pricing/page.tsx,d68df89c365e88fc4f2e69710e07625281f32c5221f4462bdd2331a9f65912ae,59,complete_read,
frontend/src/app/(marketing)/privacy/page.tsx,43a80cbc6011d4be898343cbdffcbd41ddb20cc6203db84bdd80e7e5fa58496b,136,complete_read,
frontend/src/app/(marketing)/refund/page.tsx,55d249b72628d27938c9c6bc39528d32f4ce958d3b9abedf7fdf7b6e77ecbc81,88,complete_read,
frontend/src/app/(marketing)/status/page.tsx,325fb024fc09401eccb054c41bba7b56adbfec3713ece07271bbe3a133d7be5a,12,complete_read,
frontend/src/app/(marketing)/terms/page.tsx,a8e453bd6ce3e644dafc768af0546a70a6d911ae613d90275d07cc2178f4482a,118,complete_read,
frontend/src/app/error.tsx,56e55ffb516909dd5cadd0eb3e7f20f5d7599e96f7e04746e9fe6d8f2be5d887,43,complete_read,
frontend/src/app/favicon.ico/route.ts,832326565f805ab71734953500a874bf7da05db104d6907eb2f6fceab3120ec9,3,complete_read,
frontend/src/app/globals.css,a5e62b714881c6d50bb29ffca8168e8d3a94c57507bb548c7fb51fbd38dcd9ec,501,complete_read,
frontend/src/app/icon.svg,0c468d855e9d95ff6db4dade781bae64642b1e7b2008be3784ec034eac2d39ca,4,complete_read,
frontend/src/app/layout.tsx,ba2ca6694f3fec3113baea8e8b2ac869dd826ab4725d976e4cf5cc11060ee377,119,complete_read,
frontend/src/app/not-found.tsx,7abf6c1bdbc60c90facc6d664cafea9fcbd3450dae78b99a9fcecc87be2ed4d1,27,complete_read,
frontend/src/app/opengraph-image.tsx,f2c2aa43db18ca60bf5b4561400a1a2ae40367527245729713cbb2cd7a93e362,64,complete_read,
frontend/src/app/robots.ts,a855958839018bb3db5cba43973e79e8d71e620a9913b57b1450ea74b6cc368d,35,complete_read,
frontend/src/app/session-task/page.tsx,614f9e0c3e97f0a5b81fb1b41fbad8d9d2fb6ae4e4c677559f3b63aef8dc1b5d,42,complete_read,
frontend/src/app/sitemap.ts,2e08a4eef9b7f78cfb9d0e2ce96c518cc06d56334a7a967a7772bbdb32dbf2c9,45,complete_read,
frontend/src/app/sso-callback/page.tsx,7a192735e307e24fb5d614b987a363e69ecc5624de965fdaa89a5c463e8c796b,62,complete_read,
frontend/src/components/agents/AgentStatusCard.tsx,852b6d0bad76e44682d6713deda3ffcf4ac9f35a51a4035e4b4b648f13f5a722,97,complete_read,
frontend/src/components/agents/AgentStatusStream.tsx,e815b655936d23f5e33ddb863b1d442b0cedba4b241625b2f0da0a8674020119,248,complete_read,
frontend/src/components/agents/ApprovalCard.tsx,d23d99b8cb7b25869b380e378e0c07bbb832cb3aed43f07e369245dfdbb3a42b,66,complete_read,
frontend/src/components/agents/ApprovalModal.tsx,0b0077ac1483768bfe20184bbb8be45d6076773fa0fb608e41ff3da30917cea4,559,complete_read,
frontend/src/components/agents/AutoApplyPanel.tsx,83a8976defb3959e812d06d5bfb5a2f267db058e69d36ffc276123c4f045ba89,343,complete_read,
frontend/src/components/agents/ComputerPanel.tsx,86fbcbdc01a57289b71f29b5dc9905a7eb472d9b27e25bea0caa9be0a1c29fe6,190,complete_read,
frontend/src/components/agents/CopilotRunCard.tsx,6b501169e8653d92c5b21994636a0be7e2f07860e996ff0c1c584482d4ae55f4,63,complete_read,
frontend/src/components/agents/CopilotSessionProvider.tsx,c3590562e326942d55aaac9ccf7607ff686100649d29e40bcd35a36e40c63b7b,89,complete_read,
frontend/src/components/agents/LiveBrowserSurface.tsx,5108ceab75bbe8c979fc519e887623fddf2abe68cc1002b65d25bfb7e2f8edbc,103,complete_read,
frontend/src/components/agents/ResumeUpload.tsx,9ade06f71d6c9e08afd35ca7a013b64598b14c587ccac96c349a694e57677ad6,29,complete_read,
frontend/src/components/apps/ApplicationDrawer.tsx,c1d432bec9f920e3af99d6e7de3135d23d80db7ac5bc6579e0ef0ab8e3981325,456,complete_read,
frontend/src/components/apps/ApplicationList.tsx,2e8cdf023f70cf8e5606fe45c7dd4b8bf8cff1096326e614efd2005605efe086,180,complete_read,
frontend/src/components/auth/AuthGateClient.tsx,a64f7d20405e1f42bae7bce1dfe3310feda3bae21c55c9da4b648519891e8142,30,complete_read,
frontend/src/components/auth/OnboardingGuard.tsx,46508c02cac1cca5d471c092bad81cd334f1d22dfe2dbb1c6d5fb46c2b7d2013,272,complete_read,
frontend/src/components/auth/UserMenu.tsx,9a3e1513dc00aa07f1962ade95639fa005dbdb8ffe3612f486633f288f7693cb,135,complete_read,
frontend/src/components/auth/UserStatusContext.tsx,ff68d6b156cf314075a23306311038b1ce7629be7f0b9c8e4a5eb6a125be5cb3,30,complete_read,
frontend/src/components/companion/CompanionChat.tsx,26692ec512bdbee7deb9ef14e2918ee6618e9ebcf7eba8b5bd80ac47a2720295,38,complete_read,
frontend/src/components/companion/CompanionPet.tsx,c1a66b554cb3697d073176a1d1f37ab93a0619693194be5f347a9ef871fdb2f1,9,complete_read,
frontend/src/components/companion/CompanionProvider.tsx,95aa80bf6194be149ff2b8b2bf62c27984ef924f054f58885279dccc2905ddd8,54,complete_read,
frontend/src/components/companion/FloatingCompanion.tsx,6d5c3d52110ba1ca82dd4da457a10f941cf13a3e07816334da94116e82f471c7,79,complete_read,
frontend/src/components/companion/companion.css,fe9f53d42e6beb3e0ade4e3c6196ec80ff76813f3d845a5ce76eec940bc54692,52,complete_read,
frontend/src/components/icons/BrandIcons.tsx,6c6f37e27500dfb3600097d97c35c5e6dd83f205d9b4302c5661ba0fa336b718,17,complete_read,
frontend/src/components/immersive/BlurText.tsx,28907fb911362504028393df9db94856a7095ea21b804f0b8b9106f71781889d,29,complete_read,
frontend/src/components/immersive/CareerCommandScene.tsx,f27af37e9c8f474ae4c70a3b5eca434bc5e80d95c32613bfd36d29c49a66b0b3,105,complete_read,
frontend/src/components/immersive/CommandHeader.tsx,c11dc729636f9427b6c30d3bbf5989ec0420d60408472e1761c4abc8e097a47e,35,complete_read,
frontend/src/components/immersive/FilmGrain.tsx,83da560e889f5a6f2d630db82eb967b525cec45ac62e00b5c271c43e8d5e2197,3,complete_read,
frontend/src/components/immersive/GlassSurface.tsx,aaff44b4349d7ceb7a59c4c5536b391c0e4e22d56322b9b226a90e42ff4115e5,34,complete_read,
frontend/src/components/immersive/ImmersiveCanvas.tsx,f95313bfb8d0057de9b9943734deca7ba0d66cf36a29af470299c7b0a171da83,29,complete_read,
frontend/src/components/immersive/MetricOrb.tsx,7c96d271e38de8b5e5adf6d5313c407bc98c807ccfd1de4297277e79cfc299db,48,complete_read,
frontend/src/components/immersive/VideoBackdrop.tsx,e35c5d7b2ce699a8c34a548ca885e3d48919c24d6c620fbd2907068cf634ab0a,39,complete_read,
frontend/src/components/integrations/GitHubSettings.tsx,84e355b6580edf178c5853bea2c290200d4032b4e37cc6bff7efd9ad86ee2e6c,159,complete_read,
frontend/src/components/interview/DictationButton.tsx,ddf5dc6206db0a80fee10a66026a83bee46095ac53d85384b8f19d108a08a564,111,complete_read,
frontend/src/components/interview/InterviewHistoryPanel.tsx,458f256a0a021dd4cb07838ad6a6b719420d26e62827417d84d1091a3169bba8,134,complete_read,
frontend/src/components/interview/InterviewSkeleton.tsx,0806b2ca0950d125734c6013eaf0c6af3d2627efd3c6f357c90fe70990b61bfe,98,complete_read,
frontend/src/components/interview/MockInterviewPanel.tsx,2c17c353cdf417ef5eb5da5d9f888c486b6e40f3a5bfc073b2ab0348bed0f6bf,455,complete_read,
frontend/src/components/interview/PrepPlanPanel.tsx,9f6cf64c3a260acae3f801e82743d09b43796366ae4b4b1b08249c44105c26ba,937,complete_read,
frontend/src/components/interview/ScoreRing.tsx,280ab0918878803b3d94a8022b607bccddfda524d1810d1428a4582a592c0959,100,complete_read,
frontend/src/components/jobs/JobSearchBasis.tsx,d66fdeff405372a54deb876ec4dd2d1f582c4af7573adf5097e057bf5786e9de,85,complete_read,
frontend/src/components/layout/AppImmersiveStage.tsx,a16e32ab1b647e7c76b4501b64fb25b801ab5298c9344faa2465f649d0bc65ca,20,complete_read,
frontend/src/components/layout/AppShell.tsx,69cd2d484e266b8701677280559d5c7da4efbc07f6b91c0426cb6f178875afdf,54,complete_read,
frontend/src/components/layout/AppSidebar.tsx,bd9d73a7a57d24b3f7602ac34d05f8a8af9e9a20c5f83b26e7f1d3020e46e315,134,complete_read,
frontend/src/components/layout/AppTopbar.tsx,2d53eafe8be501a883100071e0fff06a7b8067202e1f7a4eeffb180b20c55a91,233,complete_read,
frontend/src/components/layout/ConstellationBackground.tsx,4c8153856a01cdc62b62ddd509064c2f7ddfd6b91997928ee0e02defdd676c59,163,complete_read,
frontend/src/components/layout/CookieBanner.tsx,8caa197f5e2d6a1706a165edc31236863634604b5890f05fe604034955eaa4f1,64,complete_read,
frontend/src/components/layout/PageTransition.tsx,befd86c14beb90b5de32f0c7708981c0dd6e84b47746f3faa37fb2ddb0e9b30a,14,complete_read,
frontend/src/components/layout/PendingDeletionBanner.tsx,6d55150f1c6ca63d471ed6f5ff3beeb14ba44e342a39ad42b0a363d91e00156c,60,complete_read,
frontend/src/components/layout/Providers.tsx,5adb2a24959109f0693ef12f59cfba5cf494b10bd58c36f4145493fc80d2f549,51,complete_read,
frontend/src/components/linkedin/ProfilePdfUpload.tsx,c58643157d3b2835d3d6ca5fa8d218ec9de47efef6e211af52e7bb8316d934b5,160,complete_read,
frontend/src/components/marketing/ContactForm.tsx,2d4c9d42b39ee61ed4508b0e93abb4a83b9bd899f927a16d45eca72c6bc2ca2e,62,complete_read,
frontend/src/components/marketing/DemoSection.tsx,1843ad0bc206af4802b4f78b2b1c784f4855dc7b5dc838b81f79d979c9b01c3e,204,complete_read,
frontend/src/components/marketing/FaqAccordion.tsx,03bfba4ae1fbb284358175b70d3866785120581cc97599ab1dea7f3ba1f6dd37,43,complete_read,
frontend/src/components/marketing/FeaturesGrid.tsx,6941b4d1ceb5b9855655832e8dcf9d9850f640699bd50bb78a4bd59340cd2fa8,95,complete_read,
frontend/src/components/marketing/Footer.tsx,db2f86657d2f8875f6b9c491ee6517490d2df626c5506d62a01df5779d220d21,106,complete_read,
frontend/src/components/marketing/HeroA.tsx,d7f12c34b3e83e8bc50f6065ade31aadd5654ff5706bf612d66adef8bd317102,120,complete_read,
frontend/src/components/marketing/HeroB.tsx,aac940428e77d7ca3d558b664816385c1a400bc71bb4228d6603971ce5431a6c,46,complete_read,
frontend/src/components/marketing/HowItWorks.tsx,b96811a57c2fbb81cafd69305a96ef15e2a34ffcf9fd303016e74081b0313211,90,complete_read,
frontend/src/components/marketing/MarqueeRow.tsx,1e9891da814129ea350a0d8602a9bd69f24b640cc25f518e4ea12104d8d80e4d,45,complete_read,
frontend/src/components/marketing/Navbar.tsx,813df06a6374e561bc5fc19bf09b1eee1a31c1ca1be138cde1796e900684a037,84,complete_read,
frontend/src/components/marketing/PricingSection.tsx,d774bc3264b4899b4c5d6079bc7dcdd35f115403a4c49aac89f6bd88997b669c,63,complete_read,
frontend/src/components/marketing/StatusPageClient.tsx,27b1de64bc9b07674a54daed461b4aed51073e7451d838a2a59fea8758de958a,134,complete_read,
frontend/src/components/onboarding/OnboardingStepper.tsx,3f67ef031e3a7c96b519f7b048ab3f35272f285243ca560ca57d58039db28b93,51,complete_read,
frontend/src/components/resume/AtsScoreRing.tsx,a6c16c41e20570d8f8353e929fde3e82d17e16be4e0190b9ba565e34d327d382,52,complete_read,
frontend/src/components/resume/GithubProjects.tsx,9aa3eed3f19799aad725374ce375412ef435659d1eeda860acb0fe838d669faa,37,complete_read,
frontend/src/components/resume/KeywordCoverage.tsx,5bff8ecdfa87341d7ca525ca7e650b18afc5e37146e1afcc7c097aeb026ee932,74,complete_read,
frontend/src/components/resume/ResumeFixPanel.tsx,075bbe89e19682bedc85105d9245351f7acb3233102c925e8d6910c6723ea2fe,1596,complete_read,
frontend/src/components/resume/ResumeList.tsx,af1f1cd6b6dd5d407a44139209aaaf44c2e128e51ffa40b0cb535a3e82013a11,75,complete_read,
frontend/src/components/resume/ResumePreview.tsx,5d4e7e41b43663829bb8560bc72731d3b33ac3259f981abca8ffdd3ab5b83e55,419,complete_read,
frontend/src/components/resume/ResumeTemplates.tsx,49585187e4ee9b276b0a1168880892f740d797f93d45b9deddee12e2da26a0b7,136,complete_read,
frontend/src/components/resume/ScoreExplanation.tsx,d3fecfe3fc5fe3a36001c56340a64148101c1bf2c138a48960b1815e8a3d2847,18,complete_read,
frontend/src/components/resume/SuggestionsList.tsx,dc72b027e0cd8be604d1a5bfb1819d82f1f2700787d04cf3557256568eaf04f6,17,complete_read,
frontend/src/components/resume/sample-resume.ts,e938e964d6dc2f949867db4b89889fe87c78d9b6018e13c577cec6d00cc45509,34,complete_read,
frontend/src/components/seo/Breadcrumbs.tsx,84c4218c9621a6ad4b35dcfaa74cbb3139ee879daedd88c8003708419412e9fe,49,complete_read,
frontend/src/components/seo/JsonLd.tsx,352401bfad5155b0260108b57ec6cab576739ab633379932aaaaf568e9f58c8a,11,complete_read,
frontend/src/components/settings/BrowserExtensionCard.tsx,ff261e951a53eb347e6a45517ca02b1d7ea960fb0faaa0ac6da2c79e7489d9e1,468,complete_read,
frontend/src/components/settings/ResumePreferences.tsx,6c0a582a04762430ffa25d2343499a42b4f744ea1f06b19a7ce0e1bfa57e5e52,152,complete_read,
frontend/src/components/settings/SettingsNav.tsx,dd472c6e4943c669f0e6e3d9c85e5b993c53237029c3fb59d67580d70e26e319,77,complete_read,
frontend/src/components/theme/ThemeProvider.tsx,602ce6690396f638a11c5c12731f8b1312895e834801e9ecb94ff86c2b83396d,78,complete_read,
frontend/src/components/theme/ThemeToggle.tsx,d933e81f9b422156292662e3e99ac1d3f3704a05a192b2c9795c1ff651d398ce,5,complete_read,
frontend/src/components/theme/theme-interactions.test.mjs,476b773d818a8ab35730f10820cf2e24660285b8690c21861357e73bf5df25d4,73,complete_read,
frontend/src/components/theme/theme-script.tsx,9d79cb743a52ae0d14b1335499b1ae48e3bf09cbf21b620904b437cae5b5c594,22,complete_read,
frontend/src/components/ui/EmptyState.tsx,91e1c8faded043dc8bb0750fa919fa6731da833d53b7ada052cdc1eb314b915a,22,complete_read,
frontend/src/components/ui/ErrorState.tsx,ac35ca30014473949861e068071c4a7160b3f13a1d6eb94d905b4cce68bd4d01,18,complete_read,
frontend/src/components/ui/FeatureCard.tsx,f634774cc150d346e40443c42846af88f219175ac53ce8f8a7d8991de56c9902,34,complete_read,
frontend/src/components/ui/JobMatchCard.tsx,fff6da862e0454a206a44ac4526f2f16a945268cdb88efa91ab1961ed524d50f,139,complete_read,
frontend/src/components/ui/LiquidGlassButton.tsx,7b0a1ca2284b9fac0e636230cee8d9782146725089990a5ad8e81a6f7f417039,38,complete_read,
frontend/src/components/ui/LoadingState.tsx,c32e10cab4b25496099abfae06daf2b00ba7076c6910ab81047dcc6aeaa7d8f7,9,complete_read,
frontend/src/components/ui/LocationInput.tsx,938324fa9fd68a6caebc23e5c1cf16bdc589c373ca3f580c545b942dd1d7ffc2,117,complete_read,
frontend/src/components/ui/MetricCard.tsx,1505a4b218e90ece41ae07b3e71a5103f7165ca38d369c5a02ddfc5864d6d849,63,complete_read,
frontend/src/components/ui/PricingCard.tsx,4d36a74ceab56bfc30d2075355dd03137e4d4e1daa79241c479cc7f98524b943,79,complete_read,
frontend/src/components/ui/ResumeScoreCard.tsx,67b83ac3647c4db88a5476ddad7e600c9b28711a5d93973f0a7d924f6cc4edd9,139,complete_read,
frontend/src/components/ui/VideoBackground.tsx,12d79fd21829b6d7a3129b6b7703b2306e7daed89f16fd8df319b9c6cc2a46dd,24,complete_read,
frontend/src/components/ui/badge.tsx,96c1fe8d66e629458c171ec238f2be9000357164efe60bb5de5090991ee75388,25,complete_read,
frontend/src/components/ui/button.tsx,49d78a6451d332de4dd1a2d7efd841deb73813238e525c37845659e49b5f866e,47,complete_read,
frontend/src/components/ui/card.tsx,2267c5f4711bbfc0ebd1e8acaacf93d8cb56308bd7bbbae90cb46986862c0476,32,complete_read,
frontend/src/components/ui/dialog.tsx,716c0254cdeef08e0b7dfdb46bdf4c5865ed35f7b92c80a0cb7c1e8e81cd8347,50,complete_read,
frontend/src/components/ui/input.tsx,22bd51109c62325b1e8af469ec9b84b994f84edbfb505596a827123a8fb69088,21,complete_read,
frontend/src/components/ui/label.tsx,969f8597a2b03f89461728c6e271fd3b6c0d3e781c2e615552e73b0db3d0a2cc,26,complete_read,
frontend/src/components/ui/scroll-area.tsx,41f2eeb9e82ae93c0a920af10cca4b172a5349ad2557edda93286e90c292173c,24,complete_read,
frontend/src/components/ui/select.tsx,5fae1b38d759d0d235689efa1d10e991d59bf8269fc69df01fb1046cad12ed1a,69,complete_read,
frontend/src/components/ui/sign-in.tsx,4bbc4da47beefd60046e339f248cd2b2a0e1e495ea990894c34ed5de28e56741,602,complete_read,
frontend/src/components/ui/switch.tsx,390e269f86d974d237022c1d0d02f70940a63e6a0634297ac90268655118f9c5,29,complete_read,
frontend/src/components/ui/textarea.tsx,c01284c590a12496a3bc68a3030217d5bc32c382ed3e45881090a175c689f90a,20,complete_read,
frontend/src/components/ui/theme-switch.tsx,a7f7d8f7507f20414d5e813fded7e977fb794c7051fa2fffeb195711e932ca19,73,complete_read,
frontend/src/components/vanguard/Bezel.tsx,16e3399d9ee10d614174ae81ec26b4ad8990f84edbd40f0779ed07b7fb9864fa,63,complete_read,
frontend/src/components/vanguard/Controls.tsx,12b534dc6028762b88d74159559671e61af02e057a74adf88c46cccd5ae1aff7,150,complete_read,
frontend/src/components/vanguard/Display.tsx,12dd584b321abcec1d089e318bae6cbe85918b129f0863447065b9b6a9bc75a8,117,complete_read,
frontend/src/components/vanguard/Field.tsx,1547c9156d8e188475e8c4225af69b8010f80a54e0f43daa410da7e4d76433c9,93,complete_read,
frontend/src/components/vanguard/IslandButton.tsx,59ae9722be3bf4711854e3008c6fa48e3dad337a7c8ffb388595ac58fe5a46af,138,complete_read,
frontend/src/components/vanguard/PageHero.tsx,e6c03e03699fc89969849f55b452e3ade683df9a7952ee44cf2b2d10de7df39e,127,complete_read,
frontend/src/components/vanguard/Reveal.tsx,159c5f778a35d9435d6510c216f795f6d7d009c33e1bebd981ea08fbf9fbe3cf,59,complete_read,
frontend/src/components/vanguard/Screen.tsx,c2ea54c84912e1695fc1cd1cc684cc7102da6c687480e7caf828f574f26ae2cf,35,complete_read,
frontend/src/components/vanguard/index.ts,3e1f6e346381b0942963e0d79d3646c391f6f6f2ab075f0ca7d923d8bf1f988d,25,complete_read,
frontend/src/components/vanguard/motion.ts,3635a12909f94b8833c8fd5c3b8ff1b9744b90170525f1f2e0794e221e1ef610,76,complete_read,
frontend/src/lib/agent-run.ts,d353b3d24930cb65995b07962ab01d7da02a13e4b90a16d91572b7b655019d64,66,complete_read,
frontend/src/lib/api.ts,4244d2c6afd423d82d03cffca95271e0b21683cddfac2642d2ed4fbca85fc466,129,complete_read,
frontend/src/lib/applications-api.ts,3f80150798f48def22753f27ad4b8fc6e85e57a3ad11d1f99693e50fdf5813ff,112,complete_read,
frontend/src/lib/assisted-apply.ts,434bb7a68d2a399605b30cb16789807fed8d8ebf246736345fa99b2aada96231,39,complete_read,
frontend/src/lib/clerk-token.ts,68763c5731b50e39390232078ab080c8c0c1ede313f9f90a39c297d53dc51af3,59,complete_read,
frontend/src/lib/copilot-activity.test.mjs,be868a7e82f51c74e55831c77fd329f9a54d20c73de8dc33a0bde80e27b59a53,53,complete_read,
frontend/src/lib/copilot-activity.ts,b17bbb1be73fd4a27b783fad1f3c4a2e38065f33bd46a326d7973fb789d83924,51,complete_read,
frontend/src/lib/copilot.ts,fb7ebfa7285edd93d68d675480cc0f7473adb77f4162d0756f69bd640dd548a2,67,complete_read,
frontend/src/lib/dictation.test.mjs,f9baee1e4331a6a2befb22b9b4bb3be90aeab3a8b47992743d066d5f8ab4a27e,15,complete_read,
frontend/src/lib/dictation.ts,45cf60d37c03f3d91ec22a623527b9092123b880ebe486d222fe9e47b6c3d7e2,31,complete_read,
frontend/src/lib/extension-bridge.ts,8b5787221dcb75119eae7ea946a97608f0f38076b71dccf69103f6ea616d76c3,53,complete_read,
frontend/src/lib/interview-history.test.mjs,6a2d3ff6816e1d6c250eb0075f9ce653ba148cda03c4977aa5d9917f5b9ff6f7,33,complete_read,
frontend/src/lib/interview-history.ts,99be437c65a428618f913b922a17b658270894aaa63b87cd488f1a1da561d428,63,complete_read,
frontend/src/lib/job-handoff.test.mjs,9dd172db6e9036ead9911d53c30428b479e9a19ab633b61ec79d88b0e678d7df,24,complete_read,
frontend/src/lib/job-handoff.ts,eb182d7fe8e1db6a5362916399e12e7b8184cfc4468fa6cb0ad609e84446274b,35,complete_read,
frontend/src/lib/locations.test.mjs,d136147b5533d5e833a09d97d6728e3d1de073b601b14433543ef0beda069f91,20,complete_read,
frontend/src/lib/locations.ts,91c80e5b50aa206f1ff24af6b840a2e36be4e963bcb40007160c853fac296f9f,69,complete_read,
frontend/src/lib/model-providers.ts,19bc20e162d9e944a2c83ce2368750c010a29818b53134074975584d6d2365d0,177,complete_read,
frontend/src/lib/motion-variants.ts,006b24d1840f1cb6618b68fe1efeb4d58dddaa51d7a2c8d2f840d3eac5826aed,45,complete_read,
frontend/src/lib/nango-connect.ts,c9361589a1688c0cbab828b66d7909de5be577e3903ba401f4638de6a23854ba,46,complete_read,
frontend/src/lib/password-strength.test.mjs,fbe0d708e5cf255afe1cd2c6fe5837f728fc26cb6996344a7e3ef8e9739f66d7,18,complete_read,
frontend/src/lib/password-strength.ts,df9f1654418959a3a9968e3e6ac86a955ca7191886482f620eaa5279b25116e9,19,complete_read,
frontend/src/lib/profile-contracts.test.mjs,76aae388e05412cf226ac3d4ca7005ed782e44a2dc6f8ede3630976dd6934ed1,11,complete_read,
frontend/src/lib/profile-contracts.ts,fba4aeb4a8c2c8a7a37bf92dac81835d4d7326eef761d1851d2244193e585d8a,47,complete_read,
frontend/src/lib/resume-api.ts,fa8f2b561afafc9e8f6fc1f8ef7aa69f36efb05067eb243d2f8e84fa240bb7b1,19,complete_read,
frontend/src/lib/resume-insights.test.mjs,17065bc3b5e243cf6e9335c2961c827b42f163be87097e79314b870de5bb1678,47,complete_read,
frontend/src/lib/resume-insights.ts,22af4ec768af7091401d0318559747ba73031cbb70f8ff05f26b74375219544b,37,complete_read,
frontend/src/lib/resume-markdown.ts,1aa8e814d1a73c314e37adfb966cdcaebf2b978e40accd4e8dcc34da717b8a88,541,complete_read,
frontend/src/lib/resume-state.test.mjs,2ea210132726c54737276a391d1c20d9506cae452b1a0a3b5ce3344c507f23cf,14,complete_read,
frontend/src/lib/resume-state.ts,47c94a66bfa6e227f06eefe7973ca9aa0fa59852a84afe570cf2e6a7162e0786,6,complete_read,
frontend/src/lib/resume-types.ts,af65ac9c018308255d39e85300b121d4796a2dafb427974c15d206a7b12ae56a,150,complete_read,
frontend/src/lib/resume-upload.ts,85d1ab20470554e94646496816762265a9464ed6dcd57cd44ec9509ce77a9dae,13,complete_read,
frontend/src/lib/sanitize.ts,6640bde7001c5d89243e3f994e8d69c2147ea28ee5a8575d71c30aa494c75b31,37,complete_read,
frontend/src/lib/sse.ts,3d220f08662c1371e8d70ca11c2bbf3667c5fcbbe80a523e122d72641dce4822,126,complete_read,
frontend/src/lib/utils.ts,4acbc7165a8d54738ff62b51414e772c08fe78434e524e6d8770180d3ba2925f,6,complete_read,
frontend/src/store/agentStore.ts,49676c931644bd8baf0cf075dc8310253df4f8f538b8003f9f28d758c2638388,200,complete_read,
frontend/src/store/userSlice.ts,9d12a2197c48b17508ef933b60b12f21bde8ac3d2b4d1553ff4643eedd4281ae,18,complete_read,
frontend/tailwind.config.ts,b76010e9c64ca586e7ba6d2de7c5719ebc8f69c9fb643ccf39b1967a7a50a376,79,complete_read,
frontend/tsconfig.json,5f1263b73f021d62d4ced3745280621902f2688ffacdb6f0538123267ece5238,41,complete_read,
