path,lines,sha256,status
backend/app/__init__.py,0,e3b0c44298fc1c149afbf4c8996fb92427ae41e4649b934ca495991b7852b855,reviewed_empty
backend/app/api/__init__.py,0,e3b0c44298fc1c149afbf4c8996fb92427ae41e4649b934ca495991b7852b855,reviewed_empty
backend/app/api/v1/__init__.py,0,e3b0c44298fc1c149afbf4c8996fb92427ae41e4649b934ca495991b7852b855,reviewed_empty
backend/app/api/v1/agent_memory.py,87,8ab174464813bcdbfabd830c3bf21f82e51858e790da308ccc9c58af12bc9d4e,read_complete
backend/app/api/v1/agents.py,329,88d1f086a13dd452f29ae6aacb6620381207a8ee0b87150d5b6959486ab280ae,read_complete
backend/app/api/v1/candidate_profile.py,144,dfddf870322aa29ed9b2a63a3d4c25c686ced218266b53b97dc843705bad3052,read_complete
backend/app/api/v1/company.py,31,a7419638eb16c7a2b330f4069fb8c1bc1054955dc303f2e536d1b515be041a4e,read_complete
backend/app/api/v1/computer.py,201,e1d53c77e243b341dffcf767b59562d9e8c1dec5def7fa6dc8040ec1e7bbcfc4,read_complete
backend/app/api/v1/copilot_chat.py,161,880779296b68d2e76c7893754c8c263d0227c364591e42d939e4fcbc161af4d9,read_complete
backend/app/api/v1/cover_letter.py,96,23ac0270be777ffaa9ba7355ada91b2c5815f7e09961fb5c93dc4f61f23777d0,read_complete
backend/app/api/v1/demo.py,136,036d4d4689794faace5e3b3fcb9eed1cc82d9e907727064ef31b92493ea6a846,read_complete
backend/app/api/v1/deps.py,86,99f7a44bae419f3851d9cd773d0cd5a06f6adc310a342cf48a043c5288eca2d3,read_complete
backend/app/api/v1/email.py,394,569f77bcee0d9489663e51793c0db2704cc4445d710bececb3218006125cc49f,read_complete
backend/app/api/v1/extension.py,651,fb2b1b5e8482e8050ed8fc3c1619ba54caff6cb47f275be6237df66f7aeba93c,read_complete
backend/app/api/v1/github.py,52,8d9ce406c9cca6fee3fca8458e6ef1ca2420304c2fd15e7de299a0064858791d,read_complete
backend/app/api/v1/integrations.py,296,107d7f1749fdff60517f830304b58275e2ca15de4f4013dad01393c53ff814ca,read_complete
backend/app/api/v1/interview.py,142,622e18c2af77b82c5fb119ee1e724fccba5368ea593b46519d5257f699602397,read_complete
backend/app/api/v1/interview_prep.py,35,b0de4cb177ba1083e405e805aca37cfa4e8714070ba7a5f39e0684c7c8262232,read_complete
backend/app/api/v1/job_basis.py,207,ebfcc43ab41b09cf95913ccef722f7099bc035212be7c43a6c5e48f80e82ff68,read_complete
backend/app/api/v1/jobs.py,1469,b232c6f83e5c2a55b4396e1373bb9e4917c7829a073efe8f8d8815a501a2c931,read_complete
backend/app/api/v1/leads.py,126,bed3e3d836f4b125378ee5d79b484e43e0b557cc8efb0e54a6c6103d7f336d3a,read_complete
backend/app/api/v1/linkedin.py,290,9f1e327f4bb96d2641691c67b63ad339af4588a69adcc9c91c7f92c77b98b012,read_complete
backend/app/api/v1/metrics.py,17,4722e13c3094929b2606a72a2f6fc2f4c02cf64405f68a0786c61b28a9f340e2,read_complete
backend/app/api/v1/notifications.py,66,58e4df8b01e6e7f6e9e1b19e99bdad6fa9cd029e0870335642160d0a1b0b8846,read_complete
backend/app/api/v1/outreach.py,123,9b246c092a6d7471e1c7899da4fe4369a3f269d3da02bab5cabb5aa638e054c2,read_complete
backend/app/api/v1/rag.py,547,5851950ecd8cc2914719c3eac22e43e6071744b9bf2ee4150404bd1a15212ab3,read_complete
backend/app/api/v1/resume.py,962,89c3737a3a8af6766e6ceea9399961d7066da56903fc07bc7422a99172e39413,read_complete
backend/app/api/v1/run_utils.py,167,6de2a064f215045a645dff3dca84716b93f0e36019271cb2a22c018590aea9f6,read_complete
backend/app/api/v1/salary.py,36,34a9cc34a263188936ee4e44f0231eabaa64a4548505932333510cb37d05a528,read_complete
backend/app/api/v1/users.py,664,fc541c8e8de5fc09608a74961996061407cf49e11e2638a83fe6ed546f2ee4da,read_complete
backend/app/applications/__init__.py,0,e3b0c44298fc1c149afbf4c8996fb92427ae41e4649b934ca495991b7852b855,reviewed_empty
backend/app/applications/adapters/__init__.py,21,0e675f3d242404c40742140893d25d225206a37ef026b344a150e7a2fd525612,read_complete
backend/app/applications/adapters/_dom.py,110,517c26c9246edb44b338f387e61af71e7a4bc06930b71aa214b052ba8f602a93,read_complete
backend/app/applications/adapters/ashby.py,72,da2ad5dae544817ff066fad7a1cb51fb1391aa10076c3cd5ce3c523efc0fcd74,read_complete
backend/app/applications/adapters/base.py,75,8b8f6bde61eb08dd976fdb44b2e0719dae86d935df5a7c60787df2383477386e,read_complete
backend/app/applications/adapters/generic.py,59,dd525dd1c00b829eb6cd812629df1190a297565a8009c74d5b3c1b93439a0605,read_complete
backend/app/applications/adapters/greenhouse.py,159,689f7b7da153fc9a7ada00d4e21838606b72ec4fb384a6a989589785e9a6926d,read_complete
backend/app/applications/adapters/lever.py,151,412f6fd5d4719bb98cc3580152a393386a3d397785e8c62e3e91398cdb933b4b,read_complete
backend/app/applications/answer_resolver.py,117,26ddafcc1c795e1f6e096565a9fcecae775100724a4217ee276b275d3c7b9627,read_complete
backend/app/applications/models.py,42,d7f1e31a75e8c97ef4452bff4878446bcba627c682d2dc55eedd5391bf595693,read_complete
backend/app/applications/profile_service.py,93,cbe3b749cbdc576b389766a4f9dc8eb8b67d3afcaef56b78443100f3f1009861,read_complete
backend/app/applications/question_normalizer.py,66,a29c4b259ad5c4daa9e0b8268e81a06aa2ccb2f97e0593902f8a3a8939590a33,read_complete
backend/app/applications/schema_extractor.py,150,446320d036667b4ea8650f9f1f4718e77758bdc9ba921aee11c39831b2605ec6,read_complete
backend/app/applications/submission.py,109,be9dd616337ed21c6fa9d99cfbafa09271d3b085e933ab98d4cea3749843ff74,read_complete
backend/app/applications/validator.py,79,2186eb0abb834a30aaf98fd1c385c0a36ab62007406f19e4504d154801d94eb3,read_complete
backend/app/core/__init__.py,0,e3b0c44298fc1c149afbf4c8996fb92427ae41e4649b934ca495991b7852b855,reviewed_empty
backend/app/core/agent_runs_repository.py,65,c973a717c056828ad46892b08dfc51e50b9454fc9476a456fd842d7b8cb644e7,read_complete
backend/app/core/background.py,17,15df8375ef5c074063bea14373ad914fc7157ae90d77155f1d7d783da4f8d6cb,read_complete
backend/app/core/clerk_auth.py,381,5dcaf0329f10cb7712a82111decee449c0faa4bb65a8f8184197a894ed3ff5c6,read_complete
backend/app/core/config.py,343,0be3bb973502d5e2ac27596170f0e7d47d55e06e82dd769efb0a4fcf897a5159,read_complete
backend/app/core/database.py,51,b7df718fa55d876080658dacf095ab0a25901b32bdbdbdd4c6c72ab40b7abf80,read_complete
backend/app/core/event_bus.py,197,2470ffa184b3d305a346906957768243abfcb339df210811bd80c417aa2774e9,read_complete
backend/app/core/llm_gateway.py,488,7e5494bed7301649136e0e4c7dec24eb169157da61f01d2067fef139ca17a418,read_complete
backend/app/core/model_router.py,403,3437131bdae2669e9e7451c1608d3b62554078566acbdb0c75b5bca07e4111cf,read_complete
backend/app/core/rate_limit.py,31,99062aa3a3d1fbd22e28d1ff51e6ef1189a81af67419f4045feb4c4e8ce84504,read_complete
backend/app/core/redis_client.py,45,8ae130f4cca68e794d59e3251d811403fbbd868f907e7fc39a8796eeaa16827e,read_complete
backend/app/core/request_context.py,23,c2163e42527bdd290f151213d28918557021f5c13b616f9b49baadbcce151c5f,read_complete
backend/app/core/security.py,50,afe3869ccb75d553d445139223741952605abab60769e72148931828ae3cda54,read_complete
backend/app/core/sync_db.py,226,50444466e9ad46191bfaebce7aa2931cce3c89fe2871d7cb450bed234242cf4a,read_complete
backend/app/core/temporal_client.py,116,d74321875fe54b45f1b628bd4329015de1867ed014ab339b6949c12b7ffba404,read_complete
backend/app/integrations/__init__.py,5,85205d5eeaec367cd64ec64f1386d9a27e6c958478c135756a88ebfea873fb77,read_complete
backend/app/integrations/exceptions.py,29,fa3c0fef7d83533c4fec2359244e459f02158c625fca20664332b1890674c2ad,read_complete
backend/app/integrations/factory.py,79,653c6584f4f744841c9e01d1b458ba821175c41418225e441e29ac11af9800a5,read_complete
backend/app/integrations/gateway.py,48,01f3e992c8a57e082e11062c0578f6274047deb8102dd6d992ae52ecb7a95d32,read_complete
backend/app/integrations/mock.py,79,224b28402bba0957c3b3884fb0bf91b26c943bd759cc048ad217a75100e9d119,read_complete
backend/app/integrations/nango.py,273,b448418dc888802959214820897b314627c1ed8b328a31d6871b19d20cb6ad07,read_complete
backend/app/integrations/providers.py,49,19380d7d4c6588faf3f6ed94d074ff5b192ab86b9b0d8ad6eed063f893f9e581,read_complete
backend/app/integrations/repository.py,153,e498c67abb16ee45390d0e4138125594c55799bb545510cbc915d0c1be9ffe47,read_complete
backend/app/integrations/schemas.py,30,52fd656f914918ea16ecb1e68aa6f5c24ce48b0c28fc98dee1110b243fe6f3c7,read_complete
backend/app/integrations/validation.py,22,23d9661dc46c57f9f79edcf25723abbfc10ea68d9567292cd371b24965b5b476,read_complete
backend/app/integrations/webhooks.py,16,a27ff6b5cd62efad2c01abc43ec13101a699f9a416e8526bb637dc9e7433d2b6,read_complete
backend/app/main.py,381,8ab15b53fe147e97d494c3a094d19d6a7df47cb65191e22ba7b79f7bcb9ba048,read_complete
backend/app/models/__init__.py,85,d953231d02c955c85cedc18db908a54bab3f1db1505761883eca35da6a464bc6,read_complete
backend/app/models/db.py,867,beafb05873fb0b7a1cca95586d731c501ec08e288f095296fbe97515e227c14d,read_complete
backend/app/models/schemas.py,380,475001efd63b56a15428553806689a5da11ddf53dddda2d1598d647247227246,read_complete
backend/app/notification_worker.py,82,a0d40e61d7d65c46af487cc3b7b8185622ff8678f2a18a92176833a9c0a21148,read_complete
backend/app/schemas/__init__.py,1,5384bfdb2df380b6557cc7a71d16891415bccaa87699406e236f752c6415389f,read_complete
backend/app/schemas/jobs.py,43,5ba269a2f18238c3f89fcd54124af3945552e3401e7bfc17a5033f56b4389001,read_complete
backend/app/temporal_worker.py,65,cbc6e4e6777b3197e56667600b6416d4ae5e6e6b3eb8b8b3b3745a9ae51e3ba2,read_complete
backend/app/workflows/__init__.py,0,e3b0c44298fc1c149afbf4c8996fb92427ae41e4649b934ca495991b7852b855,reviewed_empty
backend/app/workflows/activities.py,209,4c46838be6e0fac462a013247d9c069540a75bff8946c89bebfed143bac48e01,read_complete
backend/app/workflows/agent_activities.py,152,c4118aea7c7a9d8f678d23eadbce89e56566b04eea889eaf8a97a0503a6a5067,read_complete
backend/app/workflows/agent_run.py,143,ed5aa06de591d54b81b475ce4179162f1c6288299ec587c7ec647dd9d973e501,read_complete
backend/app/workflows/auto_apply.py,226,794d8f17bf41e21e1b44b885c493b48932b02e8e53fd01b1b252819f23d64574,read_complete
backend/app/workflows/extension_activities.py,266,a7486ea105082cd2fcfcf95576691fbe10201bbb187e92d4fa1bff47976799d2,read_complete
backend/app/workflows/followup.py,54,5624a0b3034eefeb478b3d61900006c83c3e6085857c386b7ede2d60e7fd7635,read_complete
backend/app/workflows/job_activities.py,330,efd4605af0c942c5892101e3488cb4c6663e0ff4e98b8186b31c54bb4cd5588a,read_complete
backend/app/workflows/job_search.py,47,2591d048fca9bf27c914a48152a57a1fa7b6364977bd01720151ea58add82501,read_complete
backend/app/workflows/notification_activities.py,144,53da538aae2588be6c650bc7621b668d1f66f9315324f77829e26b6406b9f579,read_complete
backend/app/workflows/notification_registry.py,24,5bf57cce7675efe3b078897ca222e6fe79e29e0e9a8b0025b9c9d2ce53746ff8,read_complete
backend/app/workflows/notification_workflow.py,83,0716b2cd65d53a0706b322c4d1fc12f607432e1e0480cb43ded1128273634714,read_complete
backend/app/workflows/registry.py,87,4805394c2cb1b894b0aeb2a429a6f57b3710c81a20d8a32eb5d8fa190a3cbb0e,read_complete
backend/app/workflows/scheduled.py,273,0662234d6a74c479a1659250e0ce6719e28c40f0cf7d6dae82bc94ac0266fd1b,read_complete
backend/app/workflows/starters.py,242,91c8f8d77ffb424956a30a3789ee3f50527e05defe7ac6213c5e25f2c8fa7092,read_complete
