file,sha256,lines,status,notes
backend/app/agents/__init__.py,e3b0c44298fc1c149afbf4c8996fb92427ae41e4649b934ca495991b7852b855,0,complete,source reviewed
backend/app/agents/_llm_json.py,be0866df06c463c72f25de4983958f873772e51147b692278b7672ee301675eb,60,complete,source reviewed
backend/app/agents/auto_apply_pipeline.py,c89fd460b3162be22afe42b05cde3c437dea5985fb12924155f7943fe83f2bd6,557,complete,source reviewed
backend/app/agents/chat_orchestrator.py,e4338bda69def7a0e4cb637605df4693b89d29cdee4eb42f10cb5137ae43231a,576,complete,source reviewed
backend/app/agents/computer_agent.py,b211f3234caf2f6bc3064fdb0cebe379c93b5682c7eacf76c5ad6c5662204368,197,complete,source reviewed
backend/app/agents/cover_letter_agent.py,d00cfce51a2e76e3d506745b6f02a7291e80893dd6a58a9638c2de359db43799,223,complete,source reviewed
backend/app/agents/email_agent.py,dbdc7b1b399b5667d0d48eeba41c62e59a58069d6a61446df638bf2d4209b2cf,85,complete,source reviewed
backend/app/agents/email_monitor_agent.py,628cb30da61970a9f477dfd044f527752870c3fdf819727e602c3e538a5a90bf,207,complete,source reviewed
backend/app/agents/followup_agent.py,6a88ae22190639a0a9b126b95d310768431190a117098013fcbcdeadf92d68cb,78,complete,source reviewed
backend/app/agents/harness.py,eafad8e1481ce8e3ac0294e90cfc9900217e0b5907e94ffcbf8817c2e54240ae,691,complete,source reviewed
backend/app/agents/interview_prep_agent.py,1cc375262677f4ca846ba1c227d4dcdf697a4ebe746aa6fc66501802cf50297b,86,complete,source reviewed
backend/app/agents/linkedin_agent.py,4991e40c385be51680a894c14cec2227c721704477c405e439a6f14bc845cd49,101,complete,source reviewed
backend/app/agents/linkedin_outreach_agent.py,049deb908e08e5d5ee105082c4d454b01ef99d02c496c61be5eb667cae3bb9b7,142,complete,source reviewed
backend/app/agents/memory/__init__.py,afebc628ecc81c73de4e03f5a812dbdeff134593a5d087875f09ac48e8c1ab9e,10,complete,source reviewed
backend/app/agents/memory/manager.py,cb478633f6e329443941f66e7248c01b4ab224e5255753cce0cfca63c15146b8,659,complete,source reviewed
backend/app/agents/orchestrator.py,6c2cb09219bb3a3fc5b5e5a3390c19efe8ab4b1d75007b033432cb17574bd419,221,complete,source reviewed
backend/app/agents/prompts/__init__.py,170e5afbb4b80a50e47ab2c7fdf9d76b69fccb6f3238c356461785f07d798e44,42,complete,source reviewed
backend/app/agents/prompts/auto_apply_prompt.py,45c54f0447f9258309571f8858f831044155f589832c7bf590bf95b02c551f29,64,complete,source reviewed
backend/app/agents/prompts/company_research_prompt.py,6d663471ba9c30cdd738c8813452a7f4208ae9033da2b20adfbf630425de6cf6,62,complete,source reviewed
backend/app/agents/prompts/cover_letter_prompt.py,c8fc8a73c856a7e4411a53c045900ac7b38f2640184bdaadcfe983ecd8def4dd,76,complete,source reviewed
backend/app/agents/prompts/email_monitor_prompt.py,ca67bd1b9562aa26765b7ab20207856b221a9fd9c08915c9e3d655840f67cb97,53,complete,source reviewed
backend/app/agents/prompts/email_prompt.py,3de29c1d8ac5bd1c506274c95bf74b99f446615d37ea53414e48bb0b17fb4524,52,complete,source reviewed
backend/app/agents/prompts/followup_prompt.py,3e55393f4832fb3401d9deb8a05f8fc091cb59495e831e6751448bfdfabfcf23,52,complete,source reviewed
backend/app/agents/prompts/harness_reflect_prompt.py,92b66d9dacb6677d42279f889efbe7baa20be1b31a9d1b0254f47e7c7e517950,42,complete,source reviewed
backend/app/agents/prompts/interview_coach_prompt.py,9ca1b58bdeaf65b0f09b981005528512da74c7cd975538de8be10ec26e894c38,61,complete,source reviewed
backend/app/agents/prompts/interview_prep_prompt.py,68d5e63b626ee59c2e804434eb435a0bf7380c021db5919a20ee19aae01e3a43,63,complete,source reviewed
backend/app/agents/prompts/job_search_prompt.py,27ea35a21d55abc011b58d1c9662bed14c2524ab65b2fafa90fccb633fa4c9aa,59,complete,source reviewed
backend/app/agents/prompts/linkedin_outreach_prompt.py,67157b1b9c9e97c8f17e7987b54fa696df26645661044ca9430b763ff42bf194,55,complete,source reviewed
backend/app/agents/prompts/linkedin_prompt.py,cd90c61f5c8dd405a5465cc8067ee5cedd3a9bcb195d41bc632fc7549d75c9c3,50,complete,source reviewed
backend/app/agents/prompts/orchestrator_prompt.py,5389b1e19a8e9e88a3d09305142c5283f12f2bc4cb71dba30ffd71815c5e82a7,37,complete,source reviewed
backend/app/agents/prompts/resume_prompt.py,8e363925d52214011eb089dbb5a4fe982fef0703c1bfa5d274e5c386afc564f7,161,complete,source reviewed
backend/app/agents/prompts/salary_prompt.py,d9d7698032505691cf6a03f1efb52d1e409f73eee22a23aede68022846a5be62,66,complete,source reviewed
backend/app/agents/resume_agent.py,2a4f112ab7712d64da72d5494f139923a851284e8c1f8ded9595094e7f8b4c18,368,complete,source reviewed
backend/app/agents/semantic_memory.py,04945c986d77969116913c3ddfc516de62baa1b30983e364cca55701af88ac5b,261,complete,source reviewed
backend/app/agents/state.py,49d3d5febe4e5ac409c00a702703a87a9daca6f2f3ff972aaa00649e43fe7bed,47,complete,source reviewed
backend/app/agents/strategies.py,338e27b4b9e3c564d2216c0e266818360789b469b9aa597c1e2505d1fae7dcb1,80,complete,source reviewed
backend/app/agents/thinking.py,fea9c49ee1157786758726eb2d690a12bf8fb820ab3e3192ead60ecf1971fddd,133,complete,source reviewed
backend/app/services/__init__.py,e3b0c44298fc1c149afbf4c8996fb92427ae41e4649b934ca495991b7852b855,0,complete,source reviewed
backend/app/services/account_deletion_service.py,cbb4f680dc8b17d5640e0a0c4d8433dcdeb0ed35cd491e77a08b45378273c1d1,305,complete,source reviewed
backend/app/services/document_cleanup.py,151e4810137e213b31e8040df533eba0a3f81772524e1a018c3143658c7ec2f9,107,complete,source reviewed
backend/app/services/document_parsing.py,d07ca65b3642dc8663a10c913456d08119f1e4011a1b016e9a8b24009fbb2116,106,complete,source reviewed
backend/app/services/drive_service.py,4f033858aa28beb874d1837a0e8ea57385ef76fc9d31feb2a63e4a02d2a4f454,61,complete,source reviewed
backend/app/services/exa_service.py,2a99b11944630c963480ede2b7eccc5217e8e63b5795e5a83a08b2bf6deb1c2f,100,complete,source reviewed
backend/app/services/integration_proxy_service.py,21af0ad9d8f7cf0237ea6ed750370ae1070f6287fcf04b07316898f7bc05dd16,68,complete,source reviewed
backend/app/services/llm_proxy_service.py,38dfc84a57ba9217f9a6b724b864ef3fa2e471dea26b81bc14c74b358da359eb,80,complete,source reviewed
backend/app/services/proxycurl_service.py,b08c23917e1263de317c92dfa2826ed8577f0f0a21fa2f03ad5dcd562bbe5e6d,90,complete,source reviewed
backend/app/services/public_http.py,842f1c5284337e47b228d0908477b328cb30c3038c2918f60ddbe515c667998a,82,complete,source reviewed
backend/app/services/rag_service.py,13fff98e923a792ede35abd593ab145f4d64f1c7346a4472e0b52da58211a9d5,330,complete,source reviewed
backend/app/services/storage_service.py,f07dcb62fe6b604fafddfa485773b2d10956c617c58461c6050d9a2526fafc5f,127,complete,source reviewed
backend/app/services/token_budget_service.py,04d6b6608262bb3ee10b5dcfcf1a79fb5e6ff119c913d565691ab93f42a9be77,85,complete,source reviewed
backend/app/services/workflow_service.py,53b9e5adb154f2b6491c163c51f2c30b96cb8c12ff836a32385ef272a397e3de,356,complete,source reviewed
backend/memory/__init__.py,c77250c086fa10a4c0c6469c2ac37c1b0a7f11b9b80c2fdc28423eada659481d,12,complete,source reviewed
backend/memory/embedder.py,7cf84c73f65982af824381197bfc21904eaf77bb3c8ba1a4702f834fb9553bb8,205,complete,source reviewed
backend/memory/extractor.py,11b7507ef5aed0452475e94dcd2f48f2a326844271b0fef1af106723d9027930,95,complete,source reviewed
backend/memory/manager.py,eec38d3fa80eb4ad1bc78665c59149cccf4d5b9033bb42024558b2fd15d1519e,630,complete,source reviewed
backend/memory/models.py,7648f8f46ccd262937fffdefcd9c6c4b5f8b8987e03ee828c3bfa1dedf964fd4,72,complete,source reviewed
backend/memory/routes.py,e4985811848c7863e05d2febab901a560cf3352c72cf5e153c49270051e5a11a,185,complete,source reviewed
backend/memory/schemas.sql,cd4c50cf5c0496e9d2a5642749faec4a47b8f64caa41e921ad865ef50469844b,57,complete,source reviewed
backend/memory/tests/__init__.py,e3b0c44298fc1c149afbf4c8996fb92427ae41e4649b934ca495991b7852b855,0,complete,source reviewed
backend/memory/tests/test_embedder.py,374e24108c5f036acdf2ade19fbdf7c5bdccb01338de454e7dad10b1277991c1,39,complete,source reviewed
backend/app/agents/company_research_agent.py,19ca8df004d6459436556adc2f7d203a71ead50fce56ebcb01f86521b938cee4,657,complete,source reviewed
backend/app/agents/salary_agent.py,1d8c0380cc2dfed638999c2c74a55cd3535517610d4e625e1966489e4efe8b07,440,complete,source reviewed
backend/app/agents/interview_coach_agent.py,4923214baa79c79736f0f412cc231c47ecc2c2dfe5b9b459b2e6cd92624efad8,607,complete,source reviewed
backend/app/services/agent_metrics.py,1ccb130b5ba339bf6c94c86535465cb1bc74bd5f0905e28bfcec56ce28e0edc6,84,complete,source reviewed
backend/app/services/application_status_service.py,ca57d76e8489386cf15ae99a80954633c3c2d032fcd2351966cd19d50b1513a6,203,complete,source reviewed
backend/app/services/apply_limits.py,9e2a3fcf8cde193708d6b45801cc917c761cea03ce895fd61a38eb2b323dd6b9,41,complete,source reviewed
backend/app/services/apply_url.py,b5ea48d464fdb307a6e049d96663663f09aeb08038b1a7e54592881985e7f201,84,complete,source reviewed
backend/app/services/attention_notices.py,ee05aba89291bb22677a7837bab416ea80b023f539db92e78fc66e64c2f3de81,89,complete,source reviewed
backend/app/services/auto_apply_queue.py,df369a1ed7ba2d99f2fa78c4145e9385a1aed7d486132184563da004540ee994,495,complete,source reviewed
backend/app/services/auto_apply_service.py,ae83df2e7eacfc42ecd6f34399b909a293a9a6880e7b1df362cfeaebfead9d2d,252,complete,source reviewed
backend/app/services/browser_control_service.py,0a7c45cd32e282968588039925904b32f5e9df06eefca0de391e765cc6ecb46c,216,complete,source reviewed
backend/app/services/browser_logger.py,d1863a2dab6ddea7bc1c9078fee3f7197cbcc88153ea8754d4b2256ac290ce43,153,complete,source reviewed
backend/app/services/computer_service.py,88822a7ec4472cf46ec2ae1214e8c27cf10b3664a716c3c57d63a298e32b0327,277,complete,source reviewed
backend/app/services/copilot_history.py,f6e5657edac3e43b50b9808e6ea3f0114140512c20a2fc4af603d2d9d5e64e8c,162,complete,source reviewed
backend/app/services/daily_summary.py,81b22a797de8d8fb97002a7d91a735365189563df014570885e565e63d7eef88,127,complete,source reviewed
backend/app/services/data_export_service.py,ab22a4eaecc1fd8c5f3ec4b0f927f9a884446b7b5bae19ab1c0955dc1fab641f,130,complete,source reviewed
backend/app/services/decision_engine.py,74ef5e0a2ef3e134ec75bcedf91521c257d7542da552c5fde0912e48812fe8aa,210,complete,source reviewed
backend/app/services/email_answers.py,4d203993e86aa7e5cabdf422e2c6abd0afc425e9ab55f4494218c9ae70708895,270,complete,source reviewed
backend/app/services/email_finder_service.py,dd4fbb86ac9eafdf5d7e09189ff6f2e061232ed8d6f44094d4ff25687212f0a4,209,complete,source reviewed
backend/app/services/extension_service.py,a687e827167414c85f139aa425b2d03cf0232c0b27a87bb55c3b3b3ae2790a59,426,complete,source reviewed
backend/app/services/funding_signals.py,9a52ec1e2e54987bc8700e4a3fd7d041841743b2b8f24bf2f3f7840cdd9ed3f5,107,complete,source reviewed
backend/app/services/github_profile.py,f449fafa0ab0dfaf14bf380d82cb86b8f90169ef2e074564b4f2437323411ace,344,complete,source reviewed
backend/app/services/gmail_service.py,6305f9491c6540ead49df6b26d5b64c2f52f583dae2dd412fdb1788f89b555c9,230,complete,source reviewed
backend/app/services/job_matching.py,ee40694a3f07ffc275d2db7a9a14e2c9ca1dbe63e3454611b1f37563f28ef331,191,complete,source reviewed
backend/app/services/job_platforms_service.py,04cb7304ef6cc38e78212ceb4171a805b5d7b94079c1a2991740123fad5fc37d,227,complete,source reviewed
backend/app/services/job_search_service.py,2e353b71cecc7191036ad7d9c861fe2484bbc94d3d0b68ac5e67f7cb5ea720d9,288,complete,source reviewed
backend/app/services/jobs_database.py,d5b1987ffa20b0440ebb2e085e88e944dbadb23902853a51a290c6ed3370ce33,17,complete,source reviewed
backend/app/services/linkedin_outreach_service.py,ab0512e0e7193eb64ed1cbedb6c7814a5195b95a2f5f7854c4ca188cdc5d1af4,61,complete,source reviewed
backend/app/services/notification_service.py,4d844460251ce3cdc080bda0880c77c19d2e9f8e400d3bdbe393b5c5fd03d1a8,182,complete,source reviewed
backend/app/services/outreach_service.py,50b05483f07e915b53a3a8395801d15c291237ddf830f0b30c0760360fb4a118,690,complete,source reviewed
backend/app/services/resend_service.py,dd12f476295f4eacf7004e5690caa9aa2e20fcdcbc1d1500e003f9b0567af4a8,97,complete,source reviewed
backend/app/services/resume_grounding.py,e4441ec109929a90a41e14eca713c8fea5ab184a7c74b79a1888bb17e2be6870,86,complete,source reviewed
backend/app/services/resume_version.py,db1c6dc05d3ff55d5d480e3966174b8f99c8a76d652f152161185285329c0fcd,7,complete,source reviewed
backend/app/services/web_research.py,24d2acd4060a3042abc1e1818da245ae6d6e1421c6e39075186ff2ea9045d0f5,191,complete,source reviewed
backend/app/tools/__init__.py,c0808aa6ab5d5b2c4929df83de4337db0a601d3dbb48e8705d52b8e0bdcb208a,6,complete,source reviewed
backend/app/tools/platform_detector.py,b4355fee58bee3bcae10a0a06c52059e870231d8accd69edd1102fa6a9f5c0d3,102,complete,source reviewed
backend/app/services/ats_estimator.py,4953a7364ccc970d9d9c32e32f2442e984282229682e7baa5ff9d48c2e09ac32,252,complete,source reviewed
backend/app/services/ats_service.py,fcea8e6b53f0bc6e964edc578ebb600894658189700883f78625dc4ea78d6390,523,complete,source reviewed
backend/app/services/form_filler_service.py,63dea6df823e73389b3dd9eede2b4591e169ea7ae0d33743a98a70925dc682de,212,complete,source reviewed
backend/app/services/job_catalog.py,9b1303ae599cd82af4bfd1574e28d9a167a2c5918b068f762d583123a1eb3764,406,complete,source reviewed
backend/app/services/linkedin_profile.py,c85364daaa79f60ba7e3a18c093c75c9821563de5f619c5c990416d0eb9a3f0d,195,complete,source reviewed
backend/app/services/recruiter_email.py,ab1aa9eb185637aba0e76a4438de7a88736a8624d81e08bcb3763240e7bdb03f,465,complete,source reviewed
backend/app/services/resume_export.py,4dcf902a06768cc38ae72107ded07e5cfe119cc14661a9cfd10e6da400c7b085,156,complete,source reviewed
backend/app/services/resume_facts.py,5fdc161a4a9530a45a2856acfa9feb989b631cef4254b8fb41d27d11b0226c73,297,complete,source reviewed
backend/app/services/search_basis.py,9e0d285178365c48fc9c91d94217698ef386e18ef966141459166da6b79bb38d,131,complete,source reviewed
backend/app/services/youtube_service.py,2b7f6d30e3911885d50c9af187bf79b040615ed3068154433ebc873dc1c11849,101,complete,source reviewed
backend/app/agents/job_search.py,5166d20a12e5167d770acefc8323da4acfd02e84229ddc931ce61a9d9b484c2e,1812,complete,source reviewed
backend/memory/tests/test_manager.py,4aedb410ebd3297571b8997474671bed89e2a9b33932124a3d913a5ce418801c,421,complete,source reviewed
backend/app/services/indian_platforms_service.py,807c84c90a71fa24eb1d70a01501db77710bf9d2cd2c723202f62e93358005d3,417,complete,source reviewed
backend/app/services/job_connectors.py,ea80db9e4bd34b64efe332f36bda61cd6e21fc1b68aa838fe02adc8ea085bab7,823,complete,source reviewed
backend/app/services/job_sources.json,65d3a72c3b6ebcdbf1871ea5a76e0b12a8e781b1683260d4820688aeb1d00821,1112,complete,source reviewed
backend/app/services/pdf_service.py,e935c65a133ad4103abbedb86e71bce58953e9d5be79345443d7a7a30dad8284,815,complete,source reviewed
backend/app/services/resume_structure.py,dbd9e6769013416db3aeacf6efef6e111a73558a466062a40d0839e5d9b518bc,1124,complete,source reviewed
backend/app/services/scheduled_jobs.py,c9f8c94a435ad4602f81b2885e6d88c7589eef00353d7a1bb16d81aab9199fbb,610,complete,source reviewed
backend/app/services/search_presets.py,2f372b1c83b92f981b3571c0ba3fb1144f05c626f3f645e34fabae2ce0086f79,575,complete,source reviewed
